{"type":"FeatureCollection", "features": [
{"type":"Feature","geometry":{"type":"Polygon","coordinates":[[[-84.2504908780346,42.3478652009362],[-84.2581284250214,42.3515751517991],[-84.2700019410541,42.3474356465677],[-84.290219000036,42.3461159989686],[-84.2887184695521,42.3381159029342],[-84.3267653494551,42.3197039008612],[-84.3489569998585,42.3238539988574],[-84.3649828566444,42.3162834296669],[-84.3650476903245,42.3346480955233],[-84.4827642297058,42.3348313942748],[-84.4832977233084,42.2518745979711],[-84.4823367215301,42.2110471282374],[-84.4447059470758,42.211671937606],[-84.4392806712676,42.2167185099703],[-84.4279313528166,42.2110458172584],[-84.408629353091,42.2110331306919],[-84.4085204594474,42.2255143896514],[-84.3647313727085,42.2272400268906],[-84.3646868651006,42.2115886113425],[-84.2882627709315,42.2110062096293],[-84.2879686455691,42.1965379847311],[-84.2490186051802,42.1963610635215],[-84.2500988950879,42.2462088567215],[-84.2189780885618,42.2491810131102],[-84.2129653851013,42.25901665191],[-84.1973330700506,42.2571510602457],[-84.1971162917624,42.2490137882145],[-84.1498023458815,42.2495655927242],[-84.1310910222912,42.2425657583654],[-84.1307705946822,42.2500350829682],[-84.0641890262141,42.2495330218605],[-84.013635854558,42.2501329110972],[-84.0139281504424,42.2954116866389],[-84.0055404128973,42.2959781394751],[-84.0040351730885,42.3311314320216],[-84.0109662471117,42.3303942610758],[-84.0151803253941,42.3402888280498],[-84.0410121011956,42.3385399181652],[-84.080602463915,42.3389163023324],[-84.1315533801919,42.3371112181052],[-84.1313075888939,42.3076570875938],[-84.2503084416386,42.3064002708126],[-84.2504908780346,42.3478652009362]]]},"properties":{"OBJECTID":1,"District":"046","Name": "Kathy Schmaltz","Layout":"Landscape","Shape__Area":420836226.2887039,"Shape__Length":142903.06704328116,"MGFVersion":"V24"}},
{"type":"Feature","geometry":{"type":"Polygon","coordinates":[[[-83.1176312073454,42.3701495833861],[-83.1312953698803,42.3643546055731],[-83.1459452872111,42.3715468726806],[-83.1477362646934,42.3519155552264],[-83.1495106050287,42.3407531388001],[-83.1569810782476,42.3369605325615],[-83.1407803943171,42.3110084045992],[-83.1404029109783,42.2990544736302],[-83.1670743069024,42.2895714061015],[-83.1582403248142,42.2788439769649],[-83.1699074493767,42.2645765264417],[-83.1589363231175,42.2529883932006],[-83.1609332099287,42.2362301978825],[-83.1556667112587,42.2342253083241],[-83.148505010194,42.2348602972976],[-83.1425802870981,42.2416616394095],[-83.1285190884394,42.2477866881246],[-83.1136590540588,42.2660340237045],[-83.1033609725032,42.287588755611],[-83.0784667075031,42.3128035380145],[-83.0599945447615,42.3222677326596],[-83.0427078759995,42.3267068609906],[-83.0557015199911,42.327133615562],[-83.0668450529241,42.322354187921],[-83.0861013768364,42.3281359767957],[-83.1055653863305,42.358351159814],[-83.1176312073454,42.3701495833861]]]},"properties":{"OBJECTID":2,"District":"001","Name": "Tyrone Carter","Layout":"Portrait","Shape__Area":62459539.959503174,"Shape__Length":54455.549365981926,"MGFVersion":"V24"}},
{"type":"Feature","geometry":{"type":"Polygon","coordinates":[[[-84.3604169475703,41.7065897278128],[-84.3616042414896,41.8477109228494],[-84.3239457838095,41.8482064981452],[-84.324272908161,41.855368456234],[-84.3341378476916,41.8589434717526],[-84.3419299299903,41.8695827215299],[-84.3542330685917,41.8694996650956],[-84.361912622816,41.8643920664674],[-84.3624397217143,42.0080133302637],[-84.3632966056733,42.0734557636956],[-84.4695112732104,42.0728736215684],[-84.7095559436984,42.0703660634778],[-84.8264908440775,42.0724680474466],[-84.9910293953021,42.0728799923278],[-85.1768145948964,42.0725385176438],[-85.293626293984,42.0715530369227],[-85.2923480224783,41.9049377857143],[-85.2921794896358,41.759888725078],[-85.1561788825487,41.7595399499932],[-84.9809640299312,41.7594947495362],[-84.8058854159473,41.7601710768849],[-84.8059962706543,41.6961176018118],[-84.7451210904524,41.6982070203808],[-84.6215409420013,41.7010754767235],[-84.4568719159428,41.7043147757372],[-84.3604169475703,41.7065897278128]]]},"properties":{"OBJECTID":3,"District":"035","Name": "Jennifer Wortz","Layout":"Landscape","Shape__Area":2921740137.8437576,"Shape__Length":245856.1378951942,"MGFVersion":"V24"}},
{"type":"Feature","geometry":{"type":"Polygon","coordinates":[[[-85.3123931934651,43.0297302844007],[-85.312512947508,43.1187926218477],[-85.4311867114888,43.1180310763993],[-85.4314917698969,43.2060129627475],[-85.6313471020551,43.2049346458592],[-85.6716462314707,43.2052669844551],[-85.6730075492602,43.293831605275],[-85.7521574672919,43.2932296583745],[-85.7513294563024,43.2267746671677],[-85.7415952848198,43.2268026650645],[-85.741293580693,43.2122624306258],[-85.7508849557027,43.2049344450358],[-85.7906615171333,43.2051665882721],[-85.7879917792145,43.0517208418313],[-85.7885028751645,43.0308774447663],[-85.6698755531309,43.0290591583851],[-85.6700316485852,43.0727706395414],[-85.6540055998434,43.0724186222986],[-85.6299819997558,43.0623669991566],[-85.6153879996522,43.0628609991009],[-85.592734999794,43.056831998871],[-85.5801450002111,43.0636109990277],[-85.5485874494077,43.0438393735699],[-85.5457337605248,43.0281881405595],[-85.431082579,43.0288225451707],[-85.4316325102055,42.9436371418927],[-85.3119330315168,42.9439882454587],[-85.3123931934651,43.0297302844007]]]},"properties":{"OBJECTID":4,"District":"090","Name": "Bryan Posthumus","Layout":"Landscape","Shape__Area":783291596.8157196,"Shape__Length":170845.32749254644,"MGFVersion":"V24"}},
{"type":"Feature","geometry":{"type":"Polygon","coordinates":[[[-82.9732916944678,42.6271791263886],[-82.9753497996197,42.6790080290437],[-82.9288457090819,42.6806012591817],[-82.9284829903782,42.6722583679968],[-82.8981158756854,42.6731280976453],[-82.8987340852049,42.6877497183617],[-82.9086655064197,42.6875187595533],[-82.9092434477006,42.7022130987003],[-82.9192666967296,42.7019430250568],[-82.9199423452434,42.7168647189212],[-82.9769081082302,42.7159049721443],[-83.0159737776033,42.7141210936368],[-83.0954364225446,42.7124908543282],[-83.0921510601821,42.6387717750467],[-83.0613959777116,42.6394419329606],[-83.0444899108204,42.6329616106339],[-83.0327435490611,42.6347559900838],[-83.0334345579517,42.6551152555836],[-83.0141245378002,42.6552792038278],[-83.013608033978,42.6408354095648],[-82.9935313881256,42.6412217694604],[-82.9929391062539,42.6267729575478],[-82.9732916944678,42.6271791263886]]]},"properties":{"OBJECTID":5,"District":"059","Name": "Douglas Wozniak","Layout":"Landscape","Shape__Area":104828623.58230591,"Shape__Length":60680.453482273275,"MGFVersion":"V24"}},
{"type":"Feature","geometry":{"type":"Polygon","coordinates":[[[-83.2291966785911,42.2130779226187],[-83.2319108900302,42.2698786375048],[-83.3089992082223,42.2682296193233],[-83.3082833729721,42.2471016323621],[-83.3279355309676,42.2422124731425],[-83.3255180004175,42.1809464118412],[-83.423190554477,42.1794390206483],[-83.421263214337,42.1171297083877],[-83.4187295549203,41.9885120809318],[-83.4319516183438,41.9880825494396],[-83.4617599461292,41.9343775649283],[-83.4392875713795,41.924357511912],[-83.4150462908345,41.9231247488862],[-83.405150661079,41.9408392226646],[-83.3900341170972,41.935069727599],[-83.3843127332441,41.9292331458968],[-83.3748146443531,41.9341209387305],[-83.3591330389663,41.9289815318371],[-83.3623604912599,41.9497431242897],[-83.3505379568362,41.9642959081288],[-83.3743253812891,41.9639703984495],[-83.3829677600894,41.9683998947562],[-83.3722969338914,41.9808031512408],[-83.3540928560729,42.0074090053287],[-83.3404234820579,42.0075303889758],[-83.3406126240327,42.0145677140117],[-83.311674802996,42.0150183116446],[-83.3021273984425,42.0223370166636],[-83.3060219139258,42.1812820384077],[-83.2957849939915,42.1819399464851],[-83.2975618195561,42.2110720207174],[-83.2291966785911,42.2130779226187]]]},"properties":{"OBJECTID":6,"District":"029","Name": "James DeSana","Layout":"Portrait","Shape__Area":290751396.6828003,"Shape__Length":125393.38790400082,"MGFVersion":"V24"}},
{"type":"Feature","geometry":{"type":"Polygon","coordinates":[[[-85.2977759067132,42.3328147432972],[-85.2969961787996,42.2461161794393],[-85.1789541445297,42.2464584737403],[-85.1796820029182,42.296666432235],[-85.1746119763192,42.3045800223026],[-85.1500794682188,42.3047710011142],[-85.1503383517631,42.3162812388189],[-85.1407913038314,42.324123007439],[-85.1410611707526,42.3321213437384],[-85.0290894093208,42.3336746224427],[-84.828665494769,42.3342125058328],[-84.8278669983961,42.2469311937854],[-84.7756992554994,42.2468918877478],[-84.7749114032781,42.2321088984152],[-84.735682756105,42.232166908735],[-84.7330642979385,42.2465646234126],[-84.7169494660301,42.2469175344376],[-84.718565905905,42.3337658442962],[-84.7184931876117,42.4215197885196],[-84.9539136146838,42.4221174264258],[-85.2988794735364,42.4198485181363],[-85.2977759067132,42.3328147432972]]]},"properties":{"OBJECTID":7,"District":"044","Name": "Steve Frisbie","Layout":"Landscape","Shape__Area":660870125.6691742,"Shape__Length":161014.25710230012,"MGFVersion":"V24"}},
{"type":"Feature","geometry":{"type":"Polygon","coordinates":[[[-83.1670743069024,42.2895714061015],[-83.1404029109783,42.2990544736302],[-83.1407803943171,42.3110084045992],[-83.1569810782476,42.3369605325615],[-83.1495106050287,42.3407531388001],[-83.1477362646934,42.3519155552264],[-83.1966088453961,42.3508903323021],[-83.1962877255322,42.3436652422481],[-83.2378464384157,42.343085771635],[-83.2349812389099,42.3298304355691],[-83.2489036979771,42.3271831957546],[-83.2561336850072,42.3183577588717],[-83.2633108754923,42.2998547757783],[-83.2427027247467,42.2973922289835],[-83.2560543708204,42.2820711271829],[-83.2290989086504,42.2825982548642],[-83.2177244229178,42.277213782915],[-83.1991162815613,42.3009394342151],[-83.1894799475893,42.295545881741],[-83.1670743069024,42.2895714061015]]]},"properties":{"OBJECTID":8,"District":"003","Name": "Alabas Farhat","Layout":"Landscape","Shape__Area":53659034.76875305,"Shape__Length":42418.802824417646,"MGFVersion":"V24"}},
{"type":"Feature","geometry":{"type":"Polygon","coordinates":[[[-82.6432812370994,43.1639976151802],[-82.8005913521173,43.1591961274747],[-82.9962574873424,43.154098657176],[-82.9996258375209,43.2454733673442],[-83.0004295883204,43.2849126182504],[-83.1190269616561,43.2836797432015],[-83.1142052798216,43.1519637269702],[-83.2322835041219,43.1487071678942],[-83.2216113003612,42.9728242493724],[-83.2254627044113,42.9727138295806],[-83.2219153313421,42.9082749219381],[-83.221913456968,42.8855430808932],[-83.1245991082246,42.8883326770255],[-83.0235732251888,42.8905426974088],[-82.9836467633091,42.8937414025674],[-82.9769081082302,42.7159049721443],[-82.9199423452434,42.7168647189212],[-82.8593392823383,42.7181326944664],[-82.7299642909357,42.7208430999661],[-82.7319917111074,42.7653333423556],[-82.6126377675482,42.7691406617131],[-82.6149240842671,42.8136537197842],[-82.6247140422046,42.9910698878176],[-82.6314098896951,42.9908693159416],[-82.6432812370994,43.1639976151802]]]},"properties":{"OBJECTID":9,"District":"065","Name": "Jaime Greene","Layout":"Portrait","Shape__Area":2091535595.248108,"Shape__Length":226973.83072659536,"MGFVersion":"V24"}},
{"type":"Feature","geometry":{"type":"Polygon","coordinates":[[[-85.3080257235179,42.5955280519087],[-85.3095407385192,42.6964386666467],[-85.3096262536948,42.7698777807619],[-85.4273710115176,42.769047569124],[-85.4290316335706,42.8562936852657],[-85.5458321545712,42.8544901363921],[-85.6637380562737,42.8549298601378],[-85.6635671839517,42.8261479557993],[-85.6720828896365,42.826251729078],[-85.6772406418044,42.8367221153233],[-85.6790392542861,42.8551472847011],[-85.7622926955697,42.8551595902178],[-85.7821063682096,42.8562963534976],[-85.7824977737111,42.7682000884003],[-85.663296085896,42.7680991869896],[-85.6623922301761,42.681147491702],[-85.5732358461276,42.681194124065],[-85.4272578807055,42.6822763624648],[-85.4267198175822,42.595223753712],[-85.3080257235179,42.5955280519087]]]},"properties":{"OBJECTID":10,"District":"079","Name": "Angela Rigas","Layout":"Landscape","Shape__Area":647313622.9633484,"Shape__Length":147935.20050653472,"MGFVersion":"V24"}},
{"type":"Feature","geometry":{"type":"Polygon","coordinates":[[[-83.4374954030157,42.5260652077296],[-83.4663628935704,42.526355515745],[-83.4673728615151,42.5175285331252],[-83.4573014691194,42.5106271496142],[-83.4968260004838,42.5092809986418],[-83.5112115686095,42.5020584563539],[-83.5107661757062,42.4945441394872],[-83.6142381674291,42.4909352127106],[-83.6185953802602,42.4872939106051],[-83.6381856323193,42.4864725826425],[-83.6375425808874,42.4755658906978],[-83.6317205184056,42.4612881433325],[-83.6307521069683,42.446855641139],[-83.5917987083628,42.4480909514215],[-83.5905928914522,42.4338551122163],[-83.5519071655004,42.4351656983199],[-83.3947700034507,42.4400281876375],[-83.3854880557612,42.4508069463848],[-83.395428943978,42.4545622823738],[-83.3961718004864,42.4690692112553],[-83.4005774771907,42.4890354616546],[-83.3977692387154,42.4981436460958],[-83.4362398885439,42.4971287258037],[-83.4374954030157,42.5260652077296]]]},"properties":{"OBJECTID":11,"District":"021","Name": "Kelly Breen","Layout":"Landscape","Shape__Area":133701613.86108398,"Shape__Length":62953.602059996745,"MGFVersion":"V24"}},
{"type":"Feature","geometry":{"type":"MultiPolygon","coordinates":[[[[-82.6325693004788,42.627571332281],[-82.6446849015809,42.6192644387599],[-82.6431162638571,42.5992916025875],[-82.6356160703485,42.5942408440706],[-82.6181671584635,42.5961792989329],[-82.6024480999253,42.6028012796571],[-82.5973310299758,42.620710349823],[-82.6133521073901,42.6188095155641],[-82.6325693004788,42.627571332281]]],[[[-82.8081966687428,42.6462409101375],[-82.7940296477711,42.65496014763],[-82.7817551539438,42.652260294154],[-82.7602645762436,42.656571666907],[-82.7599211421066,42.6642551401742],[-82.7458140068456,42.6729080237289],[-82.736441908409,42.6728842669335],[-82.7267752885806,42.682757292146],[-82.7090790355243,42.6836057282718],[-82.6954583189079,42.6903410703989],[-82.6793854654814,42.6889864650365],[-82.6674321807117,42.683802509772],[-82.6527194169416,42.6721027611805],[-82.6498058032755,42.6762651907536],[-82.6292287045759,42.674088789274],[-82.6232132969886,42.6700074121012],[-82.6217207456206,42.6586933410611],[-82.6265728328769,42.6473568344879],[-82.6388154227063,42.638141139549],[-82.6142181882792,42.6229740228161],[-82.6025101240831,42.6261390541937],[-82.5871514402494,42.621966280253],[-82.5947887092202,42.6058178620961],[-82.6054336245625,42.5956216574682],[-82.6378277483852,42.5909788055277],[-82.6188027302258,42.5791940144492],[-82.6170116041622,42.5685490210775],[-82.6221788123774,42.5636980919514],[-82.643803397201,42.5597803931263],[-82.6650287599654,42.5458791587023],[-82.6711874066742,42.5377684836516],[-82.6836731047959,42.5303415401224],[-82.67913575475,42.5221703054619],[-82.6618862558274,42.5417461468591],[-82.6430697110584,42.5543209402718],[-82.6238540997441,42.5570507885264],[-82.605550231565,42.5485409667222],[-82.5840739568073,42.5540495176385],[-82.5802505286408,42.5641490850786],[-82.5545159945663,42.584293106161],[-82.5492206067366,42.5912077121702],[-82.5234336537729,42.6073437341028],[-82.5100389300925,42.6367927533302],[-82.5108507925084,42.6649921296791],[-82.4976298419683,42.6950334741931],[-82.4839569822183,42.7179387846569],[-82.4839112923196,42.7333995683508],[-82.4676667910897,42.761906284976],[-82.4718269743111,42.7857446509994],[-82.4825735245923,42.8086436646765],[-82.4788582508462,42.8253467452668],[-82.4727411373919,42.8367348706798],[-82.4685102743872,42.8545980099319],[-82.4697680346571,42.8774590067487],[-82.4762454224032,42.8739931687437],[-82.475585267747,42.8593843824785],[-82.487654897972,42.8589848391869],[-82.4871550009453,42.8473950887607],[-82.4971823425264,42.8469334610276],[-82.4965845708347,42.8333443091679],[-82.5073329932412,42.8348700789899],[-82.5110028102239,42.8172306804721],[-82.6149240842671,42.8136537197842],[-82.6126377675482,42.7691406617131],[-82.7319917111074,42.7653333423556],[-82.7299642909357,42.7208430999661],[-82.8593392823383,42.7181326944664],[-82.8565450370403,42.644832594322],[-82.8406885488898,42.6453792657056],[-82.8445953027608,42.6605363499501],[-82.8371375666111,42.6697730412501],[-82.8081966687428,42.6462409101375]]]]},"properties":{"OBJECTID":12,"District":"063","Name": "Jay DeBoyer","Layout":"Portrait","Shape__Area":458456330.3923645,"Shape__Length":321900.1485497406,"MGFVersion":"V24"}},
{"type":"Feature","geometry":{"type":"Polygon","coordinates":[[[-83.32884715074,42.7059880069699],[-83.332974060562,42.7951273458769],[-83.4498452250059,42.7925306259076],[-83.4496322613094,42.7893430850649],[-83.5378706984617,42.7872861951649],[-83.5315554538407,42.7791277649188],[-83.5063523029258,42.7585629506633],[-83.5269090002445,42.7364529986973],[-83.5259405818158,42.7146541770912],[-83.5177694051643,42.7148570704792],[-83.5129736763851,42.7004660569741],[-83.4468216657257,42.7018715039547],[-83.44331113154,42.6441667736055],[-83.4249003685727,42.6447096486358],[-83.4253128460129,42.6519990852491],[-83.4055751921191,42.6525704307166],[-83.4066880001635,42.6380099993756],[-83.3690735824615,42.6389630816382],[-83.3717387251122,42.6549108529541],[-83.3513170669259,42.6539904400569],[-83.3467213587751,42.6611286038239],[-83.3270872907855,42.6618853903945],[-83.3278741415151,42.6838843154818],[-83.3030344046844,42.6849438965179],[-83.3067669362587,42.6990904517961],[-83.3287552309565,42.7015921116174],[-83.32884715074,42.7059880069699]]]},"properties":{"OBJECTID":13,"District":"052","Name": "Mike Harris","Layout":"Landscape","Shape__Area":215940761.22055054,"Shape__Length":81299.12968494509,"MGFVersion":"V24"}},
{"type":"Feature","geometry":{"type":"Polygon","coordinates":[[[-82.9732916944678,42.6271791263886],[-82.9929391062539,42.6267729575478],[-82.9935313881256,42.6412217694604],[-83.013608033978,42.6408354095648],[-83.0141245378002,42.6552792038278],[-83.0334345579517,42.6551152555836],[-83.0327435490611,42.6347559900838],[-83.0444899108204,42.6329616106339],[-83.0613959777116,42.6394419329606],[-83.0921510601821,42.6387717750467],[-83.0914486469852,42.6242080683872],[-83.0441615258032,42.6255202999386],[-83.0231721867158,42.6025113551419],[-83.0305609674733,42.5911670482653],[-83.0293431335562,42.5366428013115],[-83.0868821252366,42.5347918010268],[-83.0859242775838,42.5121061843423],[-83.0675992991224,42.5123854563888],[-83.0679165556943,42.5203955809406],[-83.047109937949,42.5206885218763],[-83.0463449969356,42.5061418461913],[-83.0068893884454,42.5070802948786],[-83.0081799999129,42.5367009989223],[-82.9835490247961,42.5380137264215],[-82.9843301002653,42.5500486120341],[-83.0004874125203,42.5539337733967],[-83.0011567415201,42.5722861860056],[-82.9929258755099,42.5789692470432],[-82.9915859621297,42.5996752832301],[-82.972430788313,42.6100825463344],[-82.9732916944678,42.6271791263886]]]},"properties":{"OBJECTID":14,"District":"058","Name": "Ron Robinson","Layout":"Portrait","Shape__Area":64983725.33778381,"Shape__Length":77502.63957945193,"MGFVersion":"V24"}},
{"type":"Feature","geometry":{"type":"Polygon","coordinates":[[[-83.886367361361,42.0009709653729],[-83.8896847406081,42.0803816134947],[-84.0083368490822,42.0780050505699],[-84.0081522953238,42.0735977739335],[-84.1319631639858,42.0715771123507],[-84.1798349189714,42.0737906242016],[-84.2472178006747,42.073264471431],[-84.3632966056733,42.0734557636956],[-84.3624397217143,42.0080133302637],[-84.361912622816,41.8643920664674],[-84.3542330685917,41.8694996650956],[-84.3419299299903,41.8695827215299],[-84.3341378476916,41.8589434717526],[-84.324272908161,41.855368456234],[-84.3239457838095,41.8482064981452],[-84.3616042414896,41.8477109228494],[-84.3604169475703,41.7065897278128],[-84.1923184710665,41.7110110821933],[-84.0179455203962,41.7166724615434],[-83.7631335583529,41.7235442449468],[-83.767416885173,41.8209570547294],[-83.8062916614671,41.8200047742518],[-83.807391030159,41.8638062665004],[-83.8850516767912,41.8628178298753],[-83.8857512923661,41.8976699497992],[-83.886367361361,42.0009709653729]]]},"properties":{"OBJECTID":15,"District":"034","Name": "Nancy Jenkins-Arno","Layout":"Landscape","Shape__Area":1717782675.1540833,"Shape__Length":188633.56833941705,"MGFVersion":"V24"}},
{"type":"Feature","geometry":{"type":"Polygon","coordinates":[[[-82.8833317388527,42.4842630635184],[-82.8892919968678,42.4890724868191],[-82.9174322885431,42.4878479584591],[-82.9172604168647,42.4804386140293],[-82.9678213658879,42.4794881418228],[-82.9718877885955,42.4723476298902],[-82.9710525356971,42.4499579536264],[-82.9776959489324,42.435077443207],[-82.9873808089148,42.4203704416614],[-82.9730332928913,42.4014652200864],[-82.9602460983579,42.4049236249025],[-82.9538399227611,42.4172585789037],[-82.9572518609543,42.4291007468462],[-82.9406121964018,42.4503727030242],[-82.9107215454518,42.4507723777606],[-82.896053727424,42.4424118699188],[-82.8918390378334,42.4508835959338],[-82.8700409850567,42.450999831476],[-82.8770710839964,42.4655076494923],[-82.881948039722,42.4664753636637],[-82.8833317388527,42.4842630635184]]]},"properties":{"OBJECTID":16,"District":"012","Name": "Kimberly Edwards","Layout":"Portrait","Shape__Area":40179873.011413574,"Shape__Length":48254.59441316644,"MGFVersion":"V24"}},
{"type":"Feature","geometry":{"type":"Polygon","coordinates":[[[-85.334661692226,44.1648384514451],[-85.3358595809017,44.2266830856371],[-85.3362319153041,44.299499796526],[-85.3384037849899,44.4253756042608],[-85.4440924259306,44.4252893286181],[-85.7789836086592,44.4241741178735],[-85.8190852457327,44.4244983864206],[-85.820556294696,44.3809442165188],[-85.8211863085709,44.1641971926298],[-85.9016846991421,44.1644972597616],[-86.0633177466683,44.1678638982601],[-86.1598996110763,44.1707648808652],[-86.1594439327456,44.1398562511293],[-86.1603165444197,43.9899423376594],[-86.1579951948152,43.8749515439117],[-86.1595470018218,43.8372819987135],[-86.158274361393,43.8030315981507],[-86.1576909488006,43.6873936614374],[-86.1580477424208,43.6421691415435],[-86.0392173731712,43.6412091347162],[-86.0397804862407,43.5541816332305],[-86.0389530620335,43.2935187666776],[-85.8575216159551,43.2929246537751],[-85.7521574672919,43.2932296583745],[-85.6730075492602,43.293831605275],[-85.5625381632477,43.2942706235034],[-85.5623916231449,43.4682472613136],[-85.5626498931029,43.5982529692192],[-85.5622494314369,43.6421124210662],[-85.5628871912759,43.7057141196917],[-85.5624392275624,43.8156342162103],[-85.6815878405605,43.8155685695158],[-85.6820999470237,43.8941496663011],[-85.6819155317598,43.9794439926045],[-85.683855730537,44.1646246289813],[-85.6143179171538,44.1650020388364],[-85.334661692226,44.1648384514451]]]},"properties":{"OBJECTID":17,"District":"101","Name": "Joseph Fox","Layout":"Portrait","Shape__Area":5022913059.220947,"Shape__Length":403195.3771507502,"MGFVersion":"V24"}},
{"type":"Feature","geometry":{"type":"Polygon","coordinates":[[[-82.9678213658879,42.4794881418228],[-82.9867580000948,42.4782685958283],[-82.986978599262,42.4854966248374],[-83.006325034747,42.4851429801787],[-83.0059939487421,42.4706943492616],[-83.0648401434317,42.4693553725818],[-83.0644663673875,42.4622304469447],[-83.0839575245401,42.4618251423239],[-83.0836251598159,42.4471500002302],[-83.109475287175,42.4469717073687],[-83.1023813982557,42.4322767221227],[-83.1018118087966,42.417828425662],[-83.0040219028984,42.4199360686798],[-83.0046922916668,42.4344262723487],[-82.9776959489324,42.435077443207],[-82.9710525356971,42.4499579536264],[-82.9718877885955,42.4723476298902],[-82.9678213658879,42.4794881418228]]]},"properties":{"OBJECTID":18,"District":"011","Name": "Donavan McKinney","Layout":"Landscape","Shape__Area":55925712.41744995,"Shape__Length":39775.891804096944,"MGFVersion":"V24"}},
{"type":"Feature","geometry":{"type":"Polygon","coordinates":[[[-83.6951017331688,43.1634063552378],[-83.7267977645084,43.162888782227],[-83.7247736845175,43.1847499321359],[-83.7447110515374,43.1846657356513],[-83.7541006855561,43.1773985223296],[-83.7540267767088,43.1484474779682],[-83.7633520191507,43.1483141107351],[-83.7680229707507,43.1627988405535],[-83.7686203262897,43.1775911984213],[-83.8836340050095,43.1762373874755],[-83.8833184313061,43.1832773782714],[-83.9032873263965,43.1833590466725],[-83.9027644210758,43.1761874792176],[-83.930635020303,43.17609717937],[-83.9290787916582,43.1327815363425],[-83.9283216012906,43.0445114242743],[-83.9288373619924,42.9565477285524],[-83.8480184864793,42.9569421383845],[-83.8538378692005,42.9458573502692],[-83.8269619961268,42.9494122376312],[-83.8198991477557,42.957567919347],[-83.768726625587,42.9582830933921],[-83.7717182460295,42.9652242383414],[-83.772318602699,42.9873545264056],[-83.7578340152157,42.9948315703705],[-83.7386758912977,42.98965730946],[-83.7393238039119,43.0116724806066],[-83.7295173246979,43.0238290592257],[-83.7423235244459,43.0274759293769],[-83.7331062910061,43.0384947082821],[-83.7334306170445,43.0750867955558],[-83.6940505538778,43.0756671827408],[-83.6943721015266,43.1115166994759],[-83.6873276632681,43.112212229911],[-83.6874042052599,43.1268884288736],[-83.69449109134,43.1266791810458],[-83.6951017331688,43.1634063552378]]]},"properties":{"OBJECTID":19,"District":"069","Name": "Jasper Martus","Layout":"Portrait","Shape__Area":408693001.78344727,"Shape__Length":112681.87243912248,"MGFVersion":"V24"}},
{"type":"Feature","geometry":{"type":"Polygon","coordinates":[[[-86.3393974403815,42.0722735672075],[-86.4364869229696,42.0725866468127],[-86.4364266705059,42.0587372155339],[-86.448893919752,42.0616190384439],[-86.4558215920292,42.0508655757508],[-86.4656006476701,42.0508006728714],[-86.4656767577467,41.9855840907677],[-86.5142816575918,41.9854538308795],[-86.5138319929839,41.899308532659],[-86.5703987624799,41.899528729231],[-86.5712281077407,41.8274825672526],[-86.6682363735198,41.8279535175451],[-86.6687527293243,41.7597109430263],[-86.4435443548633,41.7595555356953],[-86.2654927000299,41.760446740308],[-86.1084488570089,41.7606971571809],[-86.1072762368227,41.9666900619123],[-86.0855992164957,41.9696676441987],[-86.0880035164161,41.9836877186122],[-85.9912093900333,41.9836277845472],[-85.9919287026968,42.0700711591964],[-86.3393974403815,42.0722735672075]]]},"properties":{"OBJECTID":20,"District":"037","Name": "Brad Paquette","Layout":"Landscape","Shape__Area":1354906388.996685,"Shape__Length":186709.74726090036,"MGFVersion":"V24"}},
{"type":"Feature","geometry":{"type":"Polygon","coordinates":[[[-85.6481155712942,42.3246526237472],[-85.648137838126,42.3321349759694],[-85.6640490471464,42.332563114364],[-85.6637837176228,42.3235098768788],[-85.6720960772421,42.3176036342899],[-85.6821939427715,42.3175571737961],[-85.6913309998463,42.3099679984887],[-85.7155699996289,42.3098989978197],[-85.7272799995827,42.3025169992153],[-85.7272731154671,42.2956185774064],[-85.7424221500284,42.2952941546109],[-85.7452993615124,42.302555117546],[-85.7657701539386,42.3024559360612],[-85.7660664542048,42.2446928617377],[-85.7646047287178,42.1572543092824],[-85.6762832981295,42.15781302439],[-85.6478126140457,42.1573834825435],[-85.5303064128281,42.1574626686079],[-85.5308029149609,42.2303210807133],[-85.5532365405335,42.2301039582509],[-85.5601498089213,42.24259651883],[-85.5699272288615,42.2450741656862],[-85.5951248139043,42.2451749431433],[-85.5945101731359,42.2604058911368],[-85.6138819819107,42.2605330608443],[-85.6233214739264,42.2524026161913],[-85.6281703699594,42.2598297865207],[-85.6483686270716,42.259895436142],[-85.6481155712942,42.3246526237472]]]},"properties":{"OBJECTID":21,"District":"040","Name": "Matt Longjohn","Layout":"Portrait","Shape__Area":260731048.2501526,"Shape__Length":92332.36701561809,"MGFVersion":"V24"}},
{"type":"Feature","geometry":{"type":"Polygon","coordinates":[[[-83.2782937948509,42.6106342425752],[-83.2954937422634,42.6093042617145],[-83.3104994234916,42.6185092458148],[-83.324886746541,42.6183240770555],[-83.325213835428,42.62574722264],[-83.3401219239488,42.6256679379943],[-83.3396810409284,42.6179568064824],[-83.4418546041822,42.6147404563023],[-83.5178439247651,42.6126323038953],[-83.5112920000526,42.6089899994517],[-83.5111141235581,42.5976509357122],[-83.4912378312102,42.5980379924585],[-83.4810587386851,42.5912622275321],[-83.479481312246,42.5695322480336],[-83.4739704146975,42.5588260720167],[-83.4634392486033,42.5499810280507],[-83.4670189971604,42.5391596751753],[-83.4663628935704,42.526355515745],[-83.4374954030157,42.5260652077296],[-83.3208264051163,42.5290245215779],[-83.3233804365795,42.5720451966004],[-83.3237660835742,42.5953422699738],[-83.3046570002047,42.596583999494],[-83.2999795074717,42.6084840044054],[-83.2895286462814,42.6028693678455],[-83.2782937948509,42.6106342425752]]]},"properties":{"OBJECTID":22,"District":"020","Name": "Noah Arbit","Layout":"Landscape","Shape__Area":133196980.94671631,"Shape__Length":65639.11087432728,"MGFVersion":"V24"}},
{"type":"Feature","geometry":{"type":"Polygon","coordinates":[[[-82.928433229749,42.3580913422954],[-82.9160703615839,42.3773016884561],[-82.8982474187551,42.3847719081596],[-82.8887599319539,42.3975446329315],[-82.8847196735194,42.4119553347338],[-82.8700409850567,42.450999831476],[-82.8918390378334,42.4508835959338],[-82.896053727424,42.4424118699188],[-82.9107215454518,42.4507723777606],[-82.9406121964018,42.4503727030242],[-82.9572518609543,42.4291007468462],[-82.9538399227611,42.4172585789037],[-82.9602460983579,42.4049236249025],[-82.9544918627432,42.3970207604513],[-82.928433229749,42.3580913422954]]]},"properties":{"OBJECTID":23,"District":"010","Name": "Veronica Paiz","Layout":"Portrait","Shape__Area":44934966.155166626,"Shape__Length":35334.63163867626,"MGFVersion":"V24"}},
{"type":"Feature","geometry":{"type":"Polygon","coordinates":[[[-84.1673176933254,43.8259023757952],[-84.2881957328753,43.827634728149],[-84.2871423858435,43.9129087750242],[-84.3656206024581,43.9141864204097],[-84.3657893956099,43.9005625474414],[-84.55534797887,43.9021234184441],[-84.6064681922051,43.9018482173531],[-84.6060351255646,43.8152182286577],[-84.6081118916736,43.6260906861057],[-84.6075395383361,43.4660060225956],[-84.4886835058699,43.4661675669791],[-84.3698757081178,43.4660443494209],[-84.3697769449647,43.4815732232633],[-84.2877085478604,43.4814095133778],[-84.1705764063139,43.4819690443944],[-84.1676941214783,43.5977448606973],[-84.1554420732902,43.5974825404456],[-84.1553887278119,43.6047548016471],[-84.1675121806254,43.6094959422012],[-84.1671167714586,43.654499387518],[-84.1673176933254,43.8259023757952]]]},"properties":{"OBJECTID":24,"District":"095","Name": "Bill Schuette","Layout":"Portrait","Shape__Area":1613760250.175064,"Shape__Length":172651.44557053954,"MGFVersion":"V24"}},
{"type":"Feature","geometry":{"type":"Polygon","coordinates":[[[-82.8565450370403,42.644832594322],[-82.8593392823383,42.7181326944664],[-82.9199423452434,42.7168647189212],[-82.9192666967296,42.7019430250568],[-82.9092434477006,42.7022130987003],[-82.9086655064197,42.6875187595533],[-82.8987340852049,42.6877497183617],[-82.8981158756854,42.6731280976453],[-82.9284829903782,42.6722583679968],[-82.9288457090819,42.6806012591817],[-82.9753497996197,42.6790080290437],[-82.9732916944678,42.6271791263886],[-82.972430788313,42.6100825463344],[-82.9720515349428,42.5975108920015],[-82.9524311469164,42.598340088634],[-82.9526565965392,42.6052749370176],[-82.9166969113219,42.5964042303916],[-82.916835737954,42.6284137596899],[-82.8562990133776,42.6302280372921],[-82.8565450370403,42.644832594322]]]},"properties":{"OBJECTID":25,"District":"060","Name": "Joseph Aragona","Layout":"Portrait","Shape__Area":85082730.99450684,"Shape__Length":54534.933394078944,"MGFVersion":"V24"}},
{"type":"Feature","geometry":{"type":"Polygon","coordinates":[[[-84.9786945988091,45.1184367572715],[-85.0146336012581,45.1179350008217],[-85.1396900212633,45.1181569506601],[-85.2236812766663,45.1178523719246],[-85.222704952269,45.2055513557702],[-85.3886674327391,45.2077571697034],[-85.3866880942343,45.1944309123948],[-85.3787821023865,45.1706062453171],[-85.3787387269756,45.1523407432506],[-85.3730509566108,45.1262378672454],[-85.3636799395413,45.1123372426054],[-85.3678475867802,45.0820636194134],[-85.3669714662087,45.0679022992054],[-85.3766174362035,45.0566403533585],[-85.3804476976373,45.0467456389669],[-85.3812478991841,45.0177764852537],[-85.3765179720233,45.0012211285848],[-85.3845188417532,44.9888105878484],[-85.3836302864653,44.96796164371],[-85.3896984327976,44.9590671223082],[-85.3891978016731,44.9496995425115],[-85.3959561194432,44.9307319372859],[-85.4039470294149,44.919440080575],[-85.409220695069,44.9054104757369],[-85.4234662741408,44.8951390349769],[-85.4243602045518,44.8850172587752],[-85.4431114807102,44.859818852869],[-85.4218085351823,44.8597216131823],[-85.42197441377,44.76877778587],[-85.4278462149388,44.7580009446211],[-85.4343389971128,44.758048113198],[-85.4343170002412,44.7436109990513],[-85.4446279568227,44.743704226689],[-85.4451168835561,44.7144832022503],[-85.4554291485152,44.7143865154838],[-85.4551380183355,44.6423297060868],[-85.5749719031525,44.6431478166541],[-85.5749713533694,44.6862067469229],[-85.6562591506878,44.6864094463735],[-85.7848213514809,44.6887789505885],[-85.94976091447,44.6893335318657],[-86.058950643161,44.6900518599931],[-86.0590287750506,44.7187659858865],[-86.0573955583849,44.7783447947346],[-86.0745636723226,44.7780952074978],[-86.0748038178837,44.7660640309554],[-86.0912518065308,44.7399429936532],[-86.1054486842955,44.7315286305887],[-86.1205059607849,44.7280691530072],[-86.1563768976451,44.7318675431367],[-86.1776245126473,44.7194048762537],[-86.2385287714597,44.7040137701643],[-86.2550657271621,44.6918942353001],[-86.2591235324024,44.6652828157091],[-86.2458877367537,44.6297460174559],[-86.2322421643516,44.6099977732277],[-86.2244384158862,44.5909439035738],[-86.221119861651,44.5689676254834],[-86.2231406093754,44.5516161822239],[-86.2338907106327,44.5242042897535],[-86.2352926966085,44.5143632331801],[-86.2475196632648,44.4834449492472],[-86.2491777211553,44.4830239983412],[-86.251774527705,44.4498126998439],[-86.2479617523915,44.4274675707706],[-86.2517722112836,44.4017121079919],[-86.258828547831,44.3838150632742],[-86.2678987355537,44.3467118795055],[-86.1826846204555,44.3456120656611],[-86.061918070994,44.3421492134152],[-86.0614674780785,44.2857109937586],[-86.0624741904324,44.2569109089273],[-86.0633177466683,44.1678638982601],[-85.9016846991421,44.1644972597616],[-85.8211863085709,44.1641971926298],[-85.820556294696,44.3809442165188],[-85.8190852457327,44.4244983864206],[-85.7789836086592,44.4241741178735],[-85.4440924259306,44.4252893286181],[-85.3384037849899,44.4253756042608],[-85.3342817855962,44.4974497231841],[-85.332890083591,44.5983741935508],[-85.2400743462421,44.5976104523536],[-85.2067818892405,44.5967404186116],[-85.1548418622941,44.5974686541698],[-84.9720417565435,44.5972166712993],[-84.9720791827648,44.6841771488873],[-84.9694853219055,44.8008919896378],[-84.9688744881513,44.8589453620314],[-85.0913539608672,44.8586951791684],[-85.0914644695019,44.9455248315803],[-85.0303357426921,44.9459784276721],[-84.9690085106088,44.9452979052187],[-84.9692188286117,45.030982186711],[-84.9792888144333,45.0311638562038],[-84.9786945988091,45.1184367572715]]]},"properties":{"OBJECTID":26,"District":"104","Name": "John Roth","Layout":"Portrait","Shape__Area":4775400313.504211,"Shape__Length":485586.12855204527,"MGFVersion":"V24"}},
{"type":"Feature","geometry":{"type":"Polygon","coordinates":[[[-83.4617599461292,41.9343775649283],[-83.4829547183763,41.8973767919539],[-83.5342786378892,41.8965021734108],[-83.5350155652096,41.9115734025279],[-83.6515708587042,41.9100158071742],[-83.6519675042732,41.9245278278341],[-83.7697509444895,41.9227068867028],[-83.7716660300845,42.0026106573897],[-83.886367361361,42.0009709653729],[-83.8857512923661,41.8976699497992],[-83.8850516767912,41.8628178298753],[-83.807391030159,41.8638062665004],[-83.8062916614671,41.8200047742518],[-83.767416885173,41.8209570547294],[-83.7631335583529,41.7235442449468],[-83.6054255253724,41.7288100719508],[-83.4828138954081,41.7321877978664],[-83.474735377011,41.7431397477724],[-83.4790534688992,41.7576767408319],[-83.4381168840773,41.7593245798141],[-83.4476422842549,41.7760578887623],[-83.4611888445343,41.7793791340486],[-83.461973840219,41.7858194912887],[-83.4440345623242,41.7903031107416],[-83.4416010102872,41.8066264138615],[-83.4343041452659,41.8182502594737],[-83.412531544857,41.8253725040195],[-83.3979626441592,41.8516256183723],[-83.3838049652163,41.8693640332521],[-83.3718821134485,41.8764726017273],[-83.357213020272,41.8738655805061],[-83.3423040909969,41.8796018352626],[-83.3352376595247,41.8932415479446],[-83.3315621034438,41.9140800282757],[-83.3181428106894,41.9342630442946],[-83.3248022578518,41.9391232071038],[-83.3401420960459,41.9322311612425],[-83.3389966429275,41.9500454134085],[-83.3623604912599,41.9497431242897],[-83.3591330389663,41.9289815318371],[-83.3748146443531,41.9341209387305],[-83.3843127332441,41.9292331458968],[-83.3900341170972,41.935069727599],[-83.405150661079,41.9408392226646],[-83.4150462908345,41.9231247488862],[-83.4392875713795,41.924357511912],[-83.4617599461292,41.9343775649283]]]},"properties":{"OBJECTID":27,"District":"030","Name": "William Bruck","Layout":"Landscape","Shape__Area":794544618.9876709,"Shape__Length":215435.01121862396,"MGFVersion":"V24"}},
{"type":"Feature","geometry":{"type":"Polygon","coordinates":[[[-82.8081966687428,42.6462409101375],[-82.8371375666111,42.6697730412501],[-82.8445953027608,42.6605363499501],[-82.8406885488898,42.6453792657056],[-82.8565450370403,42.644832594322],[-82.8562990133776,42.6302280372921],[-82.860375943064,42.6218854168764],[-82.8565638306651,42.6085404527396],[-82.857539362718,42.5946435274893],[-82.8664856714492,42.5852442861654],[-82.8778518310801,42.5813381498525],[-82.8836412272832,42.584975751486],[-82.903844918773,42.5478789601828],[-82.9252470012631,42.5467140126254],[-82.9303215719282,42.5540165242239],[-82.9702274817572,42.553062656457],[-82.9696346183885,42.5384289874609],[-82.9689910578593,42.5236177846023],[-82.9119109143572,42.5248707592818],[-82.9184534599269,42.5099987677328],[-82.8795041843472,42.5107700039704],[-82.8738015585059,42.5243491692159],[-82.8523771352981,42.5470789468794],[-82.845114306552,42.5613476967856],[-82.8211231143327,42.5707818547473],[-82.7819904060404,42.5715055925932],[-82.7888044226692,42.5847896302594],[-82.7910033640267,42.6040250733127],[-82.8169792637834,42.6134545042903],[-82.8187990182551,42.6292844987414],[-82.8081966687428,42.6462409101375]]]},"properties":{"OBJECTID":28,"District":"062","Name": "Alicia St. Germaine","Layout":"Portrait","Shape__Area":87449726.16641235,"Shape__Length":75929.44785874765,"MGFVersion":"V24"}},
{"type":"Feature","geometry":{"type":"Polygon","coordinates":[[[-83.2187122906651,42.4155534737191],[-83.2192327303182,42.4300204880289],[-83.2388661973851,42.4295720266509],[-83.2383876148987,42.4192642032776],[-83.2574778578457,42.4147356723512],[-83.2617583890974,42.400259978459],[-83.2757245395169,42.4000957230519],[-83.2759406510885,42.4072809819789],[-83.2889072444808,42.4069432895953],[-83.2886117487151,42.3997516848965],[-83.373711500179,42.3972853889196],[-83.3719477202103,42.3634264670605],[-83.3522451904813,42.3638845268234],[-83.3517737422562,42.3542634139579],[-83.301843033296,42.3559596498035],[-83.2656555587296,42.3570554060474],[-83.2468799618616,42.3573643275053],[-83.2464106192917,42.3789810022575],[-83.2368511792248,42.3862537252325],[-83.2078654044695,42.3868684737567],[-83.2082251600634,42.3966368494264],[-83.2183850968698,42.4007383352389],[-83.2187122906651,42.4155534737191]]]},"properties":{"OBJECTID":29,"District":"016","Name": "Stephanie Young","Layout":"Landscape","Shape__Area":62940155.12286377,"Shape__Length":44805.29327500149,"MGFVersion":"V24"}},
{"type":"Feature","geometry":{"type":"Polygon","coordinates":[[[-83.3279355309676,42.2422124731425],[-83.3693901462454,42.2307439372853],[-83.3813052487189,42.2146255828416],[-83.3811410002203,42.2086609992448],[-83.4239749569798,42.2080778676834],[-83.4265341917954,42.2653512061341],[-83.5051879537373,42.2633757755114],[-83.5437280062729,42.2624623684225],[-83.5441389899554,42.2317252853126],[-83.5421231788401,42.1743441864485],[-83.697751434014,42.1713323360656],[-83.7383240131215,42.1706135038274],[-83.7365880583406,42.1266099954327],[-83.7463400003869,42.126488999419],[-83.7524480001792,42.1203369987633],[-83.750393999968,42.1046579991967],[-83.7647689996381,42.1035609992915],[-83.7743264162188,42.096964752985],[-83.7739219414444,42.0824301599043],[-83.8896847406081,42.0803816134947],[-83.886367361361,42.0009709653729],[-83.7716660300845,42.0026106573897],[-83.7697509444895,41.9227068867028],[-83.6519675042732,41.9245278278341],[-83.6515708587042,41.9100158071742],[-83.5350155652096,41.9115734025279],[-83.5342786378892,41.8965021734108],[-83.4829547183763,41.8973767919539],[-83.4617599461292,41.9343775649283],[-83.4319516183438,41.9880825494396],[-83.4187295549203,41.9885120809318],[-83.421263214337,42.1171297083877],[-83.423190554477,42.1794390206483],[-83.3255180004175,42.1809464118412],[-83.3279355309676,42.2422124731425]]]},"properties":{"OBJECTID":30,"District":"031","Name": "Reggie Miller","Layout":"Landscape","Shape__Area":1016977436.2073975,"Shape__Length":180926.44069145384,"MGFVersion":"V24"}},
{"type":"Feature","geometry":{"type":"Polygon","coordinates":[[[-84.8450053046936,43.3791769041096],[-84.8459615442484,43.466157760165],[-85.0849957336074,43.4661896951004],[-85.2018152665998,43.4673610868285],[-85.3705666599314,43.4683079593617],[-85.5222500632485,43.4679346989274],[-85.5623916231449,43.4682472613136],[-85.5625381632477,43.2942706235034],[-85.6730075492602,43.293831605275],[-85.6716462314707,43.2052669844551],[-85.6313471020551,43.2049346458592],[-85.4314917698969,43.2060129627475],[-85.4311867114888,43.1180310763993],[-85.312512947508,43.1187926218477],[-85.3123931934651,43.0297302844007],[-85.1937143102328,43.0320925986719],[-85.0751450574008,43.0324123029892],[-85.0750331851826,43.1202128522938],[-84.9557159684349,43.1196079223686],[-84.954612094345,43.2925745073514],[-84.9650424565315,43.292575229545],[-84.9648229083321,43.3792050833386],[-84.8450053046936,43.3791769041096]]]},"properties":{"OBJECTID":31,"District":"091","Name": "Pat Outman","Layout":"Landscape","Shape__Area":2156925602.171295,"Shape__Length":232812.51607667707,"MGFVersion":"V24"}},
{"type":"Feature","geometry":{"type":"Polygon","coordinates":[[[-85.645688404295,42.8849821943246],[-85.6455409323561,42.8983238348417],[-85.6779723586036,42.8987250589699],[-85.6771642650059,42.9059871035508],[-85.6656418744607,42.905828870886],[-85.666653385876,42.9275570129544],[-85.6790924046394,42.9385419949069],[-85.6716520507917,42.956167038614],[-85.6823173627259,42.9561257075098],[-85.6970810003571,42.9496109987198],[-85.7099169999909,42.9477759986436],[-85.7222542984458,42.9373710826177],[-85.7349185320376,42.9331424646051],[-85.7335628633672,42.8774243239359],[-85.7822764655603,42.8774180396106],[-85.7821063682096,42.8562963534976],[-85.7622926955697,42.8551595902178],[-85.6790392542861,42.8551472847011],[-85.6772406418044,42.8367221153233],[-85.6720828896365,42.826251729078],[-85.6635671839517,42.8261479557993],[-85.6637380562737,42.8549298601378],[-85.6648667053264,42.8876351282627],[-85.645688404295,42.8849821943246]]]},"properties":{"OBJECTID":32,"District":"083","Name": "John Fitzgerald","Layout":"Portrait","Shape__Area":71075208.53108215,"Shape__Length":59096.438799461226,"MGFVersion":"V24"}},
{"type":"Feature","geometry":{"type":"Polygon","coordinates":[[[-83.236327668728,42.5598356141962],[-83.2642850400445,42.5591491649632],[-83.264583887683,42.5670540331484],[-83.2819465894883,42.5667283466168],[-83.2854162420388,42.5587892946989],[-83.3083500612778,42.5583605757706],[-83.308510000398,42.5733759988035],[-83.3233804365795,42.5720451966004],[-83.3208264051163,42.5290245215779],[-83.4374954030157,42.5260652077296],[-83.4362398885439,42.4971287258037],[-83.3977692387154,42.4981436460958],[-83.4005774771907,42.4890354616546],[-83.3961718004864,42.4690692112553],[-83.3864975868438,42.4687148103449],[-83.3913779998385,42.4822689988231],[-83.3900655836804,42.494386579436],[-83.3584771957305,42.4960231134386],[-83.3578202677366,42.4847346489496],[-83.2613391787071,42.4870112418314],[-83.2655370151341,42.5014238570131],[-83.2225668762882,42.5024409897116],[-83.2239693779625,42.5313555028278],[-83.2357070831096,42.5379042352213],[-83.2407091696512,42.5497146993542],[-83.236327668728,42.5598356141962]]]},"properties":{"OBJECTID":33,"District":"019","Name": "Samantha Steckloff","Layout":"Landscape","Shape__Area":99478999.52006531,"Shape__Length":67152.21958761002,"MGFVersion":"V24"}},
{"type":"Feature","geometry":{"type":"Polygon","coordinates":[[[-83.6375425808874,42.4755658906978],[-83.6388596928657,42.4808615693437],[-83.6637986378609,42.4817639572268],[-83.6676804531409,42.4745330007503],[-83.6647811772403,42.4311708168123],[-83.6612469641535,42.3119026403154],[-83.669799106403,42.3117259729641],[-83.7007880036228,42.3028419463769],[-83.7104739922667,42.3024560699578],[-83.7298235304917,42.294046035207],[-83.7340810000276,42.2867689993932],[-83.7465179999543,42.2905559986309],[-83.7521680002066,42.2815379986813],[-83.7390873241327,42.2694646239481],[-83.7257110766778,42.270611658008],[-83.7117282345447,42.2596182315993],[-83.6859781829125,42.2549984865571],[-83.6844377071981,42.2588466192916],[-83.6612407353588,42.2593884517068],[-83.5940883668754,42.2611526024349],[-83.5832124961113,42.2701794517188],[-83.5834107344882,42.2760606829341],[-83.5442025654987,42.2768944342326],[-83.5475476391481,42.349217294462],[-83.5400588715395,42.3496046144625],[-83.5134493662908,42.3592934608886],[-83.5087202967264,42.3586315371114],[-83.510253822569,42.3940726000398],[-83.4815927269047,42.3957217256072],[-83.4822972721185,42.4102749398092],[-83.5305488907829,42.4074774907192],[-83.5313096542579,42.4219701242654],[-83.551156414254,42.4215849637018],[-83.5519071655004,42.4351656983199],[-83.5905928914522,42.4338551122163],[-83.5917987083628,42.4480909514215],[-83.6307521069683,42.446855641139],[-83.6317205184056,42.4612881433325],[-83.6375425808874,42.4755658906978]]]},"properties":{"OBJECTID":34,"District":"023","Name": "Jason Morgan","Layout":"Portrait","Shape__Area":251464146.45087433,"Shape__Length":96561.99585317895,"MGFVersion":"V24"}},
{"type":"Feature","geometry":{"type":"Polygon","coordinates":[[[-84.5151815705299,42.7231062562236],[-84.5217729998139,42.7168539987406],[-84.5380209998608,42.7180219989417],[-84.5463100001338,42.7251009988914],[-84.5565069999864,42.7176339986813],[-84.5787790001209,42.7217949993963],[-84.5907764351669,42.7196377967694],[-84.6031217245595,42.7084868888799],[-84.6024789877748,42.5968194638659],[-84.4835089526345,42.5966295294429],[-84.4841104113256,42.6827882084808],[-84.4986287102081,42.6828620749729],[-84.4987766353972,42.7081996559452],[-84.5098398804871,42.711851834307],[-84.5151815705299,42.7231062562236]]]},"properties":{"OBJECTID":35,"District":"074","Name": "Kara Hope","Layout":"Portrait","Shape__Area":126552972.33227539,"Shape__Length":51631.26758134695,"MGFVersion":"V24"}},
{"type":"Feature","geometry":{"type":"Polygon","coordinates":[[[-82.4697680346571,42.8774590067487],[-82.4703454767873,42.8874093375215],[-82.4562493433182,42.9251768003458],[-82.4477833922252,42.9376638211104],[-82.4288582133365,42.9520272163263],[-82.4167855825138,42.9667846609055],[-82.4134736722974,42.9768874314343],[-82.4249155051447,42.9930553847552],[-82.4223252597007,43.0047613864487],[-82.4265401740586,43.0172395648714],[-82.4455243270308,43.0424220126441],[-82.4630829721425,43.0693878534712],[-82.4714509443465,43.0878703274385],[-82.4860462486578,43.1023826608904],[-82.4905371691837,43.1177745030938],[-82.493999249362,43.1424235628051],[-82.5026422431532,43.1671538801821],[-82.5085907452603,43.1971620202199],[-82.5175396106543,43.209975877821],[-82.5222391432313,43.2237448016555],[-82.5255827338156,43.2542256547813],[-82.648496567189,43.2488712438562],[-82.6432812370994,43.1639976151802],[-82.6314098896951,42.9908693159416],[-82.6247140422046,42.9910698878176],[-82.6149240842671,42.8136537197842],[-82.5110028102239,42.8172306804721],[-82.5073329932412,42.8348700789899],[-82.4965845708347,42.8333443091679],[-82.4971823425264,42.8469334610276],[-82.4871550009453,42.8473950887607],[-82.487654897972,42.8589848391869],[-82.475585267747,42.8593843824785],[-82.4762454224032,42.8739931687437],[-82.4697680346571,42.8774590067487]]]},"properties":{"OBJECTID":36,"District":"064","Name": "Joseph Pavlov","Layout":"Portrait","Shape__Area":626310183.4781342,"Shape__Length":124894.16929111296,"MGFVersion":"V24"}},
{"type":"Feature","geometry":{"type":"Polygon","coordinates":[[[-83.373711500179,42.3972853889196],[-83.3916162824533,42.3968974734581],[-83.3919320004663,42.402911999118],[-83.4130684663304,42.4030290035594],[-83.4134419167328,42.4107195140799],[-83.3938983412802,42.4111607179985],[-83.3945527319348,42.4256676065663],[-83.3847350997694,42.4258901952483],[-83.3853072200167,42.44027588479],[-83.3947700034507,42.4400281876375],[-83.5519071655004,42.4351656983199],[-83.551156414254,42.4215849637018],[-83.5313096542579,42.4219701242654],[-83.5305488907829,42.4074774907192],[-83.4822972721185,42.4102749398092],[-83.4815927269047,42.3957217256072],[-83.510253822569,42.3940726000398],[-83.5087202967264,42.3586315371114],[-83.5134493662908,42.3592934608886],[-83.5400588715395,42.3496046144625],[-83.4300377688878,42.3524648732782],[-83.3517737422562,42.3542634139579],[-83.3522451904813,42.3638845268234],[-83.3719477202103,42.3634264670605],[-83.373711500179,42.3972853889196]]]},"properties":{"OBJECTID":37,"District":"022","Name": "Matt Koleszar","Layout":"Landscape","Shape__Area":107303071.07749939,"Shape__Length":65640.27294219719,"MGFVersion":"V24"}},
{"type":"Feature","geometry":{"type":"Polygon","coordinates":[[[-83.6647811772403,42.4311708168123],[-83.743238664864,42.4284860455382],[-83.7872482551848,42.4285887028156],[-83.7929682800425,42.5357883122853],[-83.8085961711193,42.5434764687412],[-83.8084836374657,42.5507031409851],[-83.7938174913339,42.5497919574304],[-83.7958777081213,42.6021183097563],[-83.9121405710122,42.6002871264429],[-83.9140720399191,42.5847809774428],[-83.9128472545538,42.5397657628082],[-83.9081021040226,42.4608852883945],[-83.9273677217683,42.4592960137917],[-83.9319403998562,42.4644968775809],[-83.955305482774,42.4639972294923],[-83.9557180346222,42.4482201912389],[-83.9454998474099,42.4386913786438],[-83.9446499492669,42.4241494098269],[-84.0415786418473,42.4239350102098],[-84.1407131995943,42.4246114291216],[-84.2504134633906,42.4247652792021],[-84.2504908780346,42.3478652009362],[-84.2503084416386,42.3064002708126],[-84.1313075888939,42.3076570875938],[-84.1315533801919,42.3371112181052],[-84.080602463915,42.3389163023324],[-84.0410121011956,42.3385399181652],[-84.0151803253941,42.3402888280498],[-83.9245060023156,42.3418363301721],[-83.9004740570033,42.3399159156804],[-83.8960822320646,42.3458478517409],[-83.8720453588898,42.3401776622171],[-83.7826911415873,42.3423286926884],[-83.7812016381242,42.3077516613139],[-83.7736237084526,42.3078939264822],[-83.7718090487611,42.3190642472456],[-83.752854080964,42.314246280318],[-83.75388350007,42.3075360286162],[-83.7405489997158,42.2998129989277],[-83.7465179999543,42.2905559986309],[-83.7340810000276,42.2867689993932],[-83.7298235304917,42.294046035207],[-83.7104739922667,42.3024560699578],[-83.7007880036228,42.3028419463769],[-83.669799106403,42.3117259729641],[-83.6612469641535,42.3119026403154],[-83.6647811772403,42.4311708168123]]]},"properties":{"OBJECTID":38,"District":"048","Name": "Jennifer Conlin","Layout":"Landscape","Shape__Area":737455438.0313644,"Shape__Length":190987.67731012596,"MGFVersion":"V24"}},
{"type":"Feature","geometry":{"type":"Polygon","coordinates":[[[-85.7657701539386,42.3024559360612],[-85.7646920673277,42.4207076609631],[-85.7024796220926,42.4210241490264],[-85.7002162299669,42.4246873574973],[-85.7005732940475,42.4500789189466],[-85.7134431916815,42.4501074763668],[-85.7082833912999,42.468332215073],[-85.7009321437401,42.468282497343],[-85.7009556269534,42.5079600059447],[-85.7793143375269,42.5079041592053],[-85.8612109105151,42.5064891021076],[-85.9160645931027,42.5061738782225],[-86.05350157279,42.506807546509],[-86.1295972991846,42.5065247160205],[-86.1289570348056,42.4194386877921],[-86.2254997758015,42.4194007758168],[-86.2235885025624,42.3059608807895],[-86.223562961423,42.2433789288976],[-86.3403361095683,42.2429860327408],[-86.3393974403815,42.0722735672075],[-85.9919287026968,42.0700711591964],[-85.9531628734577,42.0696906168037],[-85.7629433396573,42.0693269690919],[-85.7646047287178,42.1572543092824],[-85.7660664542048,42.2446928617377],[-85.7657701539386,42.3024559360612]]]},"properties":{"OBJECTID":39,"District":"039","Name": "Pauline Wendzel","Layout":"Landscape","Shape__Area":1991302479.7095642,"Shape__Length":208388.48471528618,"MGFVersion":"V24"}},
{"type":"Feature","geometry":{"type":"Polygon","coordinates":[[[-85.4310210598631,42.9238621543839],[-85.4465490014226,42.9315324591996],[-85.4614340193506,42.9431698573751],[-85.5507359396357,42.9410291152456],[-85.5503591782713,42.9632950110399],[-85.5671649985758,42.960953360426],[-85.5852949631029,42.9627564909627],[-85.6223685865812,42.9607993203687],[-85.6297377411772,42.9482436917011],[-85.6200042852697,42.9410031612324],[-85.6169470378807,42.9325497422216],[-85.5995166812944,42.930667373844],[-85.5891186726597,42.9411112845765],[-85.580301217808,42.9411880052486],[-85.5795777275962,42.9269531010563],[-85.5695803721222,42.9269850378471],[-85.5686460748261,42.9125411497736],[-85.583423663959,42.9125014928139],[-85.5927232068181,42.9197214487772],[-85.5986002978333,42.9125936033378],[-85.6126439068424,42.9087538680856],[-85.6071182117341,42.8977292542331],[-85.6064063372247,42.8837269403305],[-85.645688404295,42.8849821943246],[-85.6648667053264,42.8876351282627],[-85.6637380562737,42.8549298601378],[-85.5458321545712,42.8544901363921],[-85.4290316335706,42.8562936852657],[-85.4310210598631,42.9238621543839]]]},"properties":{"OBJECTID":40,"District":"080","Name": "Phil Skaggs","Layout":"Landscape","Shape__Area":162092866.35662842,"Shape__Length":80878.84964849059,"MGFVersion":"V24"}},
{"type":"Feature","geometry":{"type":"Polygon","coordinates":[[[-83.3121801555992,42.340636359784],[-83.3025469992027,42.3408319951096],[-83.301843033296,42.3559596498035],[-83.3517737422562,42.3542634139579],[-83.4300377688878,42.3524648732782],[-83.4277052419389,42.2945862413052],[-83.4323769996372,42.286961998625],[-83.4663770256799,42.2861100476085],[-83.4865224730004,42.2929235371616],[-83.505245509223,42.2779380970427],[-83.5051879537373,42.2633757755114],[-83.4265341917954,42.2653512061341],[-83.3480945965516,42.2674631159883],[-83.3489388920428,42.2891855141721],[-83.3780416076791,42.2884903843985],[-83.3881340070014,42.2955439252922],[-83.3886693859202,42.3099621023733],[-83.374080939368,42.3101662490671],[-83.3794060388647,42.3232758965347],[-83.3648408641055,42.3249240128759],[-83.365508352539,42.3393378809378],[-83.3449196297576,42.3365606253868],[-83.3363279271082,42.3398850693626],[-83.3121801555992,42.340636359784]]]},"properties":{"OBJECTID":41,"District":"025","Name": "Peter Herzberg","Layout":"Landscape","Shape__Area":73178634.34801483,"Shape__Length":64301.20944569928,"MGFVersion":"V24"}},
{"type":"Feature","geometry":{"type":"Polygon","coordinates":[[[-83.4615976111145,43.3208214449075],[-83.4628587326643,43.4078228254365],[-83.3441770610573,43.4096907823233],[-83.3509273936245,43.582899548997],[-83.3539899449872,43.6697215479725],[-83.466592376787,43.667620902108],[-83.4674026190511,43.7289088141209],[-83.4945022795915,43.6987009914048],[-83.520117521553,43.6977269044695],[-83.5128169386687,43.708188075172],[-83.5223527645334,43.7176423875823],[-83.5390671078028,43.7088205896276],[-83.549130449753,43.7001019232404],[-83.5488873087749,43.6934645363382],[-83.5621919145233,43.6867619163895],[-83.5711462447129,43.6737090900104],[-83.5823336606973,43.6659348347612],[-83.5948137142339,43.6506973556932],[-83.6139950171975,43.6329844710968],[-83.6581317930256,43.5956240623875],[-83.6767586230257,43.5910534275613],[-83.6813467469433,43.5860665625034],[-83.6995234570828,43.5889835134557],[-83.6988163662972,43.4789573167846],[-83.8176779367941,43.4790517233447],[-83.8172283971598,43.5223449634701],[-83.9347370028137,43.522730913757],[-84.0509874065531,43.5240638691899],[-84.0486603979808,43.6534526861333],[-84.1671167714586,43.654499387518],[-84.1675121806254,43.6094959422012],[-84.1553887278119,43.6047548016471],[-84.1554420732902,43.5974825404456],[-84.1676941214783,43.5977448606973],[-84.1705764063139,43.4819690443944],[-83.9754888856013,43.4800488853933],[-83.9358980840491,43.4795495706562],[-83.9249898310262,43.4656154916779],[-83.9106351343083,43.4652884000176],[-83.9072082142601,43.4793157652993],[-83.8907288686302,43.4617365630373],[-83.8908108070072,43.4144960720083],[-83.8179134827141,43.4142694051933],[-83.8174584246132,43.3780136970493],[-83.8765889033932,43.3792357183683],[-83.8672175342997,43.3633256849031],[-83.8666410000577,43.3418959989517],[-83.8818790001199,43.3418629988097],[-83.8826449995004,43.3587689990037],[-83.8980900005367,43.3518129988005],[-83.9170449995252,43.350669998909],[-83.9349561050629,43.3627080087937],[-83.9331422129722,43.3053822349273],[-83.9320710009602,43.2203772944926],[-83.930635020303,43.17609717937],[-83.9027644210758,43.1761874792176],[-83.9032873263965,43.1833590466725],[-83.8833184313061,43.1832773782714],[-83.8836340050095,43.1762373874755],[-83.7686203262897,43.1775911984213],[-83.7680229707507,43.1627988405535],[-83.7633520191507,43.1483141107351],[-83.7540267767088,43.1484474779682],[-83.7541006855561,43.1773985223296],[-83.7447110515374,43.1846657356513],[-83.7247736845175,43.1847499321359],[-83.7267977645084,43.162888782227],[-83.6951017331688,43.1634063552378],[-83.6956209831225,43.2214220840378],[-83.5771170835446,43.2228030094966],[-83.4607326100131,43.2231308264706],[-83.4615976111145,43.3208214449075]]]},"properties":{"OBJECTID":42,"District":"097","Name": "Matt Bierlein","Layout":"Landscape","Shape__Area":2033204357.9550934,"Shape__Length":369572.8424354479,"MGFVersion":"V24"}},
{"type":"Feature","geometry":{"type":"Polygon","coordinates":[[[-83.1848455789278,42.4091953407248],[-83.1990168821981,42.4087525990294],[-83.1993163079451,42.4159834745862],[-83.2187122906651,42.4155534737191],[-83.2183850968698,42.4007383352389],[-83.2082251600634,42.3966368494264],[-83.2078654044695,42.3868684737567],[-83.2368511792248,42.3862537252325],[-83.2464106192917,42.3789810022575],[-83.2468799618616,42.3573643275053],[-83.2656555587296,42.3570554060474],[-83.2639214359352,42.3416922980129],[-83.2378464384157,42.343085771635],[-83.1962877255322,42.3436652422481],[-83.1966088453961,42.3508903323021],[-83.1477362646934,42.3519155552264],[-83.1459452872111,42.3715468726806],[-83.158687589392,42.3766779798027],[-83.1593504647583,42.3952400982667],[-83.1842240436194,42.3946658898232],[-83.1848455789278,42.4091953407248]]]},"properties":{"OBJECTID":43,"District":"004","Name": "Karen Whitsett","Layout":"Landscape","Shape__Area":45287329.7040863,"Shape__Length":36853.094971967024,"MGFVersion":"V24"}},
{"type":"Feature","geometry":{"type":"Polygon","coordinates":[[[-85.2921794896358,41.759888725078],[-85.2923480224783,41.9049377857143],[-85.293626293984,42.0715530369227],[-85.4111922084698,42.0712642415667],[-85.5876849404196,42.0702399097669],[-85.6449677587047,42.070328780571],[-85.7629433396573,42.0693269690919],[-85.9531628734577,42.0696906168037],[-85.9919287026968,42.0700711591964],[-85.9912093900333,41.9836277845472],[-86.0880035164161,41.9836877186122],[-86.0855992164957,41.9696676441987],[-86.1072762368227,41.9666900619123],[-86.1084488570089,41.7606971571809],[-85.8006568535597,41.7590644544106],[-85.6221676688692,41.7590786415057],[-85.2921794896358,41.759888725078]]]},"properties":{"OBJECTID":44,"District":"036","Name": "Steve Carra","Layout":"Landscape","Shape__Area":2237067122.5353317,"Shape__Length":207101.16547775277,"MGFVersion":"V24"}},
{"type":"Feature","geometry":{"type":"Polygon","coordinates":[[[-85.7821808119279,42.9117472892523],[-85.7923438981076,42.9162365512298],[-85.8014086827479,42.9291675837934],[-85.7991994184528,42.9377175623497],[-85.8142899484927,42.9481197806086],[-85.8374017966095,42.9440857442475],[-85.8627725969708,42.9460589607074],[-85.8761076790427,42.9579218280251],[-85.9038548187396,42.9576925058308],[-85.9005714345518,42.856128834497],[-86.0203190988171,42.8560742677678],[-86.0495910002167,42.8560458004319],[-86.0490420330321,42.8268132063961],[-86.0389185122787,42.8268318817071],[-86.0382697025822,42.7978866375479],[-86.0481407853759,42.7975519744173],[-86.0479008211399,42.7834145851287],[-86.0577784601773,42.7833399511946],[-86.0626402678803,42.7688130927063],[-85.9605136261156,42.7687341182739],[-85.9014219220321,42.7676671212489],[-85.9006184899356,42.8109570214183],[-85.8420621551226,42.8111439847937],[-85.8419657024168,42.8402503765241],[-85.8363678619003,42.856359485341],[-85.7821063682096,42.8562963534976],[-85.7822764655603,42.8774180396106],[-85.7821808119279,42.9117472892523]]]},"properties":{"OBJECTID":45,"District":"085","Name": "Bradley Slagh","Layout":"Landscape","Shape__Area":237269130.6501236,"Shape__Length":89581.13247087818,"MGFVersion":"V24"}},
{"type":"Feature","geometry":{"type":"Polygon","coordinates":[[[-83.5437280062729,42.2624623684225],[-83.5442025654987,42.2768944342326],[-83.5834107344882,42.2760606829341],[-83.5832124961113,42.2701794517188],[-83.5940883668754,42.2611526024349],[-83.6612407353588,42.2593884517068],[-83.6604064225645,42.2245258472364],[-83.6850755336647,42.2255419558599],[-83.6845558031716,42.1935490013923],[-83.6988799089581,42.1931719748409],[-83.697751434014,42.1713323360656],[-83.5421231788401,42.1743441864485],[-83.5441389899554,42.2317252853126],[-83.5437280062729,42.2624623684225]]]},"properties":{"OBJECTID":46,"District":"032","Name": "Jimmie Wilson","Layout":"Landscape","Shape__Area":114750938.0778656,"Shape__Length":49448.04533303803,"MGFVersion":"V24"}},
{"type":"Feature","geometry":{"type":"Polygon","coordinates":[[[-84.4886835058699,43.4661675669791],[-84.6075395383361,43.4660060225956],[-84.6081118916736,43.6260906861057],[-84.6060351255646,43.8152182286577],[-84.7284430738155,43.8149949435906],[-84.9295170760687,43.8137732444115],[-85.0888109951414,43.8136763878516],[-85.0872866189873,43.726536073364],[-85.0849957336074,43.4661896951004],[-84.8459615442484,43.466157760165],[-84.8450053046936,43.3791769041096],[-84.7266633542171,43.379254690504],[-84.7266568417654,43.2921283773904],[-84.6204395455489,43.2916813950323],[-84.6205620908441,43.2771297948084],[-84.6107207972503,43.2698894244048],[-84.6008179639544,43.2771876951698],[-84.5829478337135,43.2771769225848],[-84.5804401930675,43.2861379336388],[-84.5639965414167,43.2700510261485],[-84.5660212569996,43.2916399409644],[-84.4885357985713,43.2916767779749],[-84.4886835058699,43.4661675669791]]]},"properties":{"OBJECTID":47,"District":"092","Name": "Jerry Neyer","Layout":"Portrait","Shape__Area":1969144474.0661163,"Shape__Length":223718.43208924157,"MGFVersion":"V24"}},
{"type":"Feature","geometry":{"type":"Polygon","coordinates":[[[-82.9602460983579,42.4049236249025],[-82.9730332928913,42.4014652200864],[-82.9873808089148,42.4203704416614],[-82.9776959489324,42.435077443207],[-83.0046922916668,42.4344262723487],[-83.0040219028984,42.4199360686798],[-83.1018118087966,42.417828425662],[-83.1219315727674,42.4174816043659],[-83.0988890002507,42.3837869990911],[-83.0856364947882,42.3886049634387],[-83.0817377623355,42.3828146342449],[-83.1176312073454,42.3701495833861],[-83.1055653863305,42.358351159814],[-83.0542513676086,42.3773931084623],[-83.0501404317392,42.3730958450314],[-83.0296244785099,42.3837018659504],[-83.006937187233,42.3902295103242],[-83.0003487038382,42.3808702886726],[-82.9544918627432,42.3970207604513],[-82.9602460983579,42.4049236249025]]]},"properties":{"OBJECTID":48,"District":"007","Name": "Tonya Phillips","Layout":"Landscape","Shape__Area":54837330.80635071,"Shape__Length":49828.71955991809,"MGFVersion":"V24"}},
{"type":"Feature","geometry":{"type":"Polygon","coordinates":[[[-83.2192327303182,42.4300204880289],[-83.2196335904539,42.44435015398],[-83.3853072200167,42.44027588479],[-83.3847350997694,42.4258901952483],[-83.3945527319348,42.4256676065663],[-83.3938983412802,42.4111607179985],[-83.4134419167328,42.4107195140799],[-83.4130684663304,42.4030290035594],[-83.3919320004663,42.402911999118],[-83.3916162824533,42.3968974734581],[-83.373711500179,42.3972853889196],[-83.2886117487151,42.3997516848965],[-83.2889072444808,42.4069432895953],[-83.2759406510885,42.4072809819789],[-83.2757245395169,42.4000957230519],[-83.2617583890974,42.400259978459],[-83.2574778578457,42.4147356723512],[-83.2383876148987,42.4192642032776],[-83.2388661973851,42.4295720266509],[-83.2192327303182,42.4300204880289]]]},"properties":{"OBJECTID":49,"District":"017","Name": "Laurie Pohutsky","Layout":"Landscape","Shape__Area":59981053.19628906,"Shape__Length":43456.94517159392,"MGFVersion":"V24"}},
{"type":"Feature","geometry":{"type":"MultiPolygon","coordinates":[[[[-82.9632839487777,42.349181148826],[-82.9695705651191,42.3517759000798],[-82.982889252678,42.3422564690962],[-82.9886638921427,42.3333416322522],[-82.9602604032843,42.3398856845221],[-82.9632839487777,42.349181148826]]],[[[-82.928433229749,42.3580913422954],[-82.9544918627432,42.3970207604513],[-83.0003487038382,42.3808702886726],[-83.006937187233,42.3902295103242],[-83.0296244785099,42.3837018659504],[-83.0501404317392,42.3730958450314],[-83.0542513676086,42.3773931084623],[-83.1055653863305,42.358351159814],[-83.0861013768364,42.3281359767957],[-83.0668450529241,42.322354187921],[-83.0557015199911,42.327133615562],[-83.0427078759995,42.3267068609906],[-83.0138300373177,42.3365647419454],[-82.9893199315844,42.3510189989444],[-82.9733633645969,42.3553276464618],[-82.956142458741,42.3545792660576],[-82.928433229749,42.3580913422954]]]]},"properties":{"OBJECTID":50,"District":"009","Name": "Joseph Tate","Layout":"Landscape","Shape__Area":65919080.47003174,"Shape__Length":58756.10641368581,"MGFVersion":"V24"}},
{"type":"Feature","geometry":{"type":"Polygon","coordinates":[[[-85.5308029149609,42.2303210807133],[-85.5311520593264,42.3327860967279],[-85.5507101145777,42.3327312098165],[-85.5605673412946,42.3214534465574],[-85.5753125548591,42.3222226791543],[-85.5813204596749,42.3327723520101],[-85.6107209983283,42.3328933837257],[-85.610535000368,42.3179689992959],[-85.6288460701567,42.3179072691036],[-85.6481155712942,42.3246526237472],[-85.6483686270716,42.259895436142],[-85.6281703699594,42.2598297865207],[-85.6233214739264,42.2524026161913],[-85.6138819819107,42.2605330608443],[-85.5945101731359,42.2604058911368],[-85.5951248139043,42.2451749431433],[-85.5699272288615,42.2450741656862],[-85.5601498089213,42.24259651883],[-85.5532365405335,42.2301039582509],[-85.5308029149609,42.2303210807133]]]},"properties":{"OBJECTID":51,"District":"041","Name": "Julie Rogers","Layout":"Portrait","Shape__Area":85708746.0096283,"Shape__Length":60558.550302586875,"MGFVersion":"V24"}},
{"type":"Feature","geometry":{"type":"Polygon","coordinates":[[[-83.5682577849827,42.7859963013981],[-83.5709860366995,42.8732734513975],[-83.6303798526432,42.8723619064202],[-83.6303111389535,42.9014504019818],[-83.6461303674533,42.9027406384683],[-83.6419739940021,42.9156672422737],[-83.6425125578544,42.9377196922009],[-83.6327144397684,42.9450131735803],[-83.5931365250051,42.9454594258791],[-83.573338024186,42.947370681668],[-83.5737519648798,42.9614744283823],[-83.6828117595352,42.9597573446408],[-83.7321829247811,42.9589090875627],[-83.7320766729394,42.9513300488869],[-83.7344478059328,42.9292863298878],[-83.7706216604177,42.9287835995036],[-83.7695496276039,42.8994504007807],[-83.7448093674934,42.8997421582914],[-83.749261712046,42.8850422672169],[-83.7487881371678,42.870364447427],[-83.8088325947733,42.8693329377044],[-83.8054175124114,42.7811384372039],[-83.8017818525509,42.7167090000127],[-83.794494999466,42.7167279987458],[-83.7860029998326,42.7072139993892],[-83.772648999947,42.7146999993905],[-83.7674520789303,42.7222983820758],[-83.7685200120633,42.7369430002299],[-83.7540130001788,42.7374029987573],[-83.7340449998682,42.722858999483],[-83.712776006827,42.7239404417144],[-83.713278999649,42.7091269987624],[-83.7027999875892,42.7009239986546],[-83.7026670793014,42.6948701606049],[-83.6827746236152,42.6955494378606],[-83.5658200679408,42.699028003532],[-83.5682577849827,42.7859963013981]]]},"properties":{"OBJECTID":52,"District":"072","Name": "Mike Mueller","Layout":"Portrait","Shape__Area":453090855.18013,"Shape__Length":124200.12394691138,"MGFVersion":"V24"}},
{"type":"Feature","geometry":{"type":"Polygon","coordinates":[[[-83.7465179999543,42.2905559986309],[-83.7405489997158,42.2998129989277],[-83.75388350007,42.3075360286162],[-83.752854080964,42.314246280318],[-83.7718090487611,42.3190642472456],[-83.7736237084526,42.3078939264822],[-83.7812016381242,42.3077516613139],[-83.7826911415873,42.3423286926884],[-83.8720453588898,42.3401776622171],[-83.8960822320646,42.3458478517409],[-83.9004740570033,42.3399159156804],[-83.9245060023156,42.3418363301721],[-84.0151803253941,42.3402888280498],[-84.0109662471117,42.3303942610758],[-84.0040351730885,42.3311314320216],[-84.0055404128973,42.2959781394751],[-84.0139281504424,42.2954116866389],[-84.013635854558,42.2501329110972],[-84.0641890262141,42.2495330218605],[-84.1307705946822,42.2500350829682],[-84.1310910222912,42.2425657583654],[-84.1498023458815,42.2495655927242],[-84.1971162917624,42.2490137882145],[-84.1973330700506,42.2571510602457],[-84.2129653851013,42.25901665191],[-84.2189780885618,42.2491810131102],[-84.2500988950879,42.2462088567215],[-84.2490186051802,42.1963610635215],[-84.2879686455691,42.1965379847311],[-84.2882627709315,42.2110062096293],[-84.3646868651006,42.2115886113425],[-84.3647313727085,42.2272400268906],[-84.4085204594474,42.2255143896514],[-84.408629353091,42.2110331306919],[-84.4279313528166,42.2110458172584],[-84.4392806712676,42.2167185099703],[-84.4447059470758,42.211671937606],[-84.4823367215301,42.2110471282374],[-84.4804707909417,42.16012830902],[-84.3642156194525,42.1606364150475],[-84.3632966056733,42.0734557636956],[-84.2472178006747,42.073264471431],[-84.1798349189714,42.0737906242016],[-84.1319631639858,42.0715771123507],[-84.0081522953238,42.0735977739335],[-84.0083368490822,42.0780050505699],[-84.0109170003428,42.1653429991852],[-83.9315954490083,42.166435478478],[-83.8932828735739,42.1682364839962],[-83.8965473964796,42.2533089893577],[-83.7988309969918,42.2556797014648],[-83.7991742924119,42.2729064225034],[-83.7767286922178,42.2741593777598],[-83.7713538136132,42.2680035835118],[-83.7390873241327,42.2694646239481],[-83.7521680002066,42.2815379986813],[-83.7465179999543,42.2905559986309]]]},"properties":{"OBJECTID":53,"District":"047","Name": "Carrie Rheingans","Layout":"Landscape","Shape__Area":875287433.8183517,"Shape__Length":212293.93543889633,"MGFVersion":"V24"}},
{"type":"Feature","geometry":{"type":"Polygon","coordinates":[[[-83.1249987737071,42.5043207767239],[-83.1449257476045,42.5043082149171],[-83.1454897493333,42.5190511406285],[-83.1648694564252,42.5183453347767],[-83.1657970308811,42.5329880884066],[-83.1857280587751,42.5365124081676],[-83.2099473873782,42.5605566975427],[-83.2252089457269,42.5601371650823],[-83.236327668728,42.5598356141962],[-83.2407091696512,42.5497146993542],[-83.2357070831096,42.5379042352213],[-83.2239693779625,42.5313555028278],[-83.2225668762882,42.5024409897116],[-83.2031049862095,42.5029059187202],[-83.2024223057845,42.4883623054787],[-83.1833577175953,42.488715062984],[-83.1825910086767,42.474214194266],[-83.1554698267417,42.4741330091657],[-83.1148902419117,42.4758749007879],[-83.1172280763312,42.5044067143798],[-83.1249987737071,42.5043207767239]]]},"properties":{"OBJECTID":54,"District":"006","Name": "Natalie Price","Layout":"Landscape","Shape__Area":48947766.83732605,"Shape__Length":39046.439802092726,"MGFVersion":"V24"}},
{"type":"Feature","geometry":{"type":"MultiPolygon","coordinates":[[[[-86.6777497629618,46.5605153165747],[-86.6976809108412,46.5548528189961],[-86.7088338104035,46.5451437816259],[-86.7041288329472,46.5306766255095],[-86.7020763067702,46.5117890529061],[-86.6964359925425,46.50321574143],[-86.6845023956684,46.4993929907398],[-86.6875951063787,46.4562284565791],[-86.6769225105407,46.4511503357957],[-86.6677295398939,46.4544019066267],[-86.6601135601108,46.470331296167],[-86.6402134980369,46.4720339951174],[-86.6409747776423,46.454756101729],[-86.6230358243592,46.456219569446],[-86.6093653303662,46.4689773938997],[-86.6066999697918,46.4788706211332],[-86.6095955836038,46.4934556869242],[-86.6184412009947,46.4900358681354],[-86.6282228257756,46.4777805533642],[-86.6460273746004,46.4860220559883],[-86.6397014301089,46.502237135409],[-86.6321476193905,46.5087528531392],[-86.628446954464,46.5231051859704],[-86.6306107644096,46.5364059320014],[-86.653609068976,46.5606870997691],[-86.6756969080151,46.5569322712676],[-86.6777497629618,46.5605153165747]]],[[[-85.8645575873162,46.6899214838861],[-85.8805863890929,46.6907741302421],[-85.9259829806128,46.6841836810267],[-85.9587044340271,46.6724195938351],[-85.9766913919562,46.6695881630329],[-85.979094463803,46.675550751276],[-86.039381284491,46.6669198027123],[-86.0647839056644,46.6596286578374],[-86.1020596565465,46.6543146932695],[-86.1202749958257,46.6574987163214],[-86.1377396674553,46.6727189326695],[-86.1630918494463,46.6688353854907],[-86.188202021153,46.6537760907709],[-86.3073159396398,46.5974374246617],[-86.3501926901091,46.5778253120605],[-86.3917600723505,46.5628979245477],[-86.4267635933438,46.5519636300364],[-86.4441904360117,46.54806205039],[-86.4615975995522,46.5534741607615],[-86.4822816619627,46.542541649233],[-86.4942163507134,46.5254711601505],[-86.5163868232737,46.5164409499016],[-86.5328509316278,46.4995988030625],[-86.5511372500756,46.4956073749708],[-86.5605624120743,46.4846665333483],[-86.5814442072601,46.4689757186416],[-86.593918520695,46.4540856843925],[-86.6080283546465,46.4542736956098],[-86.6074554991168,46.4437468381846],[-86.6289726559417,46.4239031251176],[-86.6399398758662,46.4110413735932],[-86.6512302914823,46.4120081362587],[-86.6622184740462,46.4184637187956],[-86.6533458795581,46.431185021772],[-86.6583126165639,46.4439256052202],[-86.6690220267003,46.4454025610984],[-86.6821703254925,46.4395503346521],[-86.7034958531108,46.4393676111387],[-86.7213417911623,46.4585006449603],[-86.7326285397412,46.4660656059844],[-86.731051391296,46.4717342815165],[-86.7539052607022,46.4795928830742],[-86.7878429688035,46.4778612415141],[-86.8045721716402,46.466042948835],[-86.8122329508468,46.4527517228311],[-86.8155566316227,46.43798718644],[-86.8389729535157,46.4341822610614],[-86.861044722639,46.434918900789],[-86.876932574046,46.437866514739],[-86.8851336046761,46.4428412040931],[-86.8841032818064,46.4515080533433],[-86.8900759506219,46.4593815081465],[-86.9052275629769,46.4665133208109],[-86.9304192920978,46.4650442355191],[-86.9491492891402,46.4740061053346],[-86.9481569314559,46.4850883548174],[-86.9649002120109,46.5162911048292],[-86.9824901614976,46.5283955175261],[-86.994826828677,46.5270598058613],[-87.0014964463834,46.5330564398233],[-87.0175787252574,46.5336795859543],[-87.0244991137883,46.5262264905259],[-87.0389451751793,46.5259874357255],[-87.0439656077606,46.5205062012849],[-87.0784196791731,46.5158329601898],[-87.1027576754213,46.501888923288],[-87.1088990067262,46.4960735214813],[-87.1263977971327,46.4938917739731],[-87.1471121485567,46.49557108951],[-87.1712639578981,46.5040407764742],[-87.1801094615825,46.4954805011527],[-87.2064987154854,46.4904694450045],[-87.2384327699079,46.4882853192503],[-87.2825659481569,46.4892781539833],[-87.3081781389212,46.4917069314812],[-87.3353619618314,46.4965966845589],[-87.3594100132243,46.5034520121201],[-87.3837840607519,46.5186129141484],[-87.3942064528571,46.5335049139124],[-87.3906720257321,46.5428058647276],[-87.3793334798267,46.5446155118301],[-87.3832543088444,46.5567870986282],[-87.3931082645575,46.5708864532376],[-87.3875095464952,46.5850812732819],[-87.4078211826701,46.5870899983215],[-87.4133095487246,46.5914047093386],[-87.4330053242295,46.5904597045562],[-87.4412476860246,46.6011665378197],[-87.4639698828478,46.6141183953661],[-87.4685858456953,46.6358155120228],[-87.4921633693866,46.6423103945859],[-87.5038503924873,46.6481608952582],[-87.5109337048939,46.6615965246865],[-87.5246863142066,46.6756210019163],[-87.5224013891098,46.6816039415033],[-87.5297038406937,46.6941626470619],[-87.5412454781129,46.6972719857627],[-87.5443665366838,46.7031776040465],[-87.5575517873251,46.7099642539252],[-87.5789942972832,46.7254927917742],[-87.5905510474584,46.75087358274],[-87.5939784518259,46.7823340957377],[-87.6056925222678,46.7866225492538],[-87.6198350698548,46.7976524873359],[-87.6333062707543,46.8123008613896],[-87.6489196699541,46.812123876646],[-87.6672163482466,46.8166483859693],[-87.6743039189527,46.8238305223748],[-87.6746798105402,46.8363904237106],[-87.6852254873188,46.8343827564348],[-87.6959216848965,46.8265575219342],[-87.7246931794154,46.8267808482742],[-87.7328171711437,46.8327135487687],[-87.7354846686817,46.850444405836],[-87.7408730906816,46.8647396650961],[-87.7608027005472,46.8602531053237],[-87.7734322212491,46.8644142313116],[-87.7840424380112,46.8801304082079],[-87.804599242351,46.8816529275847],[-87.8179338631911,46.8908177650649],[-87.8472393599598,46.8841841995613],[-87.8696081152979,46.8902214086429],[-87.9009824343752,46.9097621239204],[-87.92176790581,46.9085376854291],[-87.9556281642044,46.9090700949688],[-87.9897103541497,46.9048988917963],[-88.0146618169736,46.9105276249369],[-88.0362142607837,46.9094321373993],[-88.0645645838661,46.9185190360689],[-88.0817019947664,46.9205620056557],[-88.1057208788495,46.9160794661216],[-88.1268053156896,46.9096580305525],[-88.1617759199827,46.9048894905286],[-88.1842318501906,46.9046152757206],[-88.2116504846162,46.8925529423957],[-88.2108803192057,46.8836157241347],[-88.2300707703222,46.8742733601552],[-88.2428039686758,46.8610806161399],[-88.2545223718629,46.8389878766999],[-88.2644169571643,46.8292954933573],[-88.2810205260369,46.8217816473467],[-88.2864746119193,46.826977847592],[-88.2718634772931,46.8385934111317],[-88.2604117955606,46.8528653069802],[-88.2548437181378,46.8660218288403],[-88.2360809240222,46.892461576914],[-88.2117989260857,46.9088951580872],[-88.1838690555001,46.9209900500408],[-88.1472511904604,46.9467989948499],[-88.1471306564679,46.9536935182292],[-88.1357997111101,46.9621959536505],[-88.1448909478743,46.967013953912],[-88.1935068581716,46.949914073053],[-88.1987280582348,46.9439115489171],[-88.2392868373642,46.9321399300697],[-88.2649050335952,46.9136518369077],[-88.2812200531896,46.906592676433],[-88.3103069738819,46.8898061026453],[-88.315735188861,46.8836318568677],[-88.3432567600756,46.865154067702],[-88.3494249823335,46.8584574441806],[-88.364514616364,46.8567954906071],[-88.3763210524478,46.8625157360837],[-88.3795923965052,46.8721052030411],[-88.3905645072545,46.8667247491501],[-88.403988259577,46.8514214156378],[-88.3915089378849,46.8516124183724],[-88.3811107057044,46.8385576583581],[-88.4118580477809,46.8145981588629],[-88.4334739249723,46.7933405581593],[-88.4517072861589,46.7660817598303],[-88.468666581276,46.7511067489906],[-88.4766764494537,46.7495182374294],[-88.4999026874856,46.7587010456594],[-88.481972584754,46.7827185323419],[-88.4698208779811,46.7803903499539],[-88.4627210488458,46.7863263617625],[-88.4736543496697,46.8060985428054],[-88.4732802412242,46.812935380049],[-88.4843426264268,46.8322936552232],[-88.4780637220659,46.8502487725882],[-88.4792391611932,46.8604471632028],[-88.4743210957767,46.8767204323856],[-88.4755108372885,46.8875918745425],[-88.4582766205841,46.9164065299372],[-88.4511999819836,46.9389759003589],[-88.5521849317087,46.9385331225621],[-88.551943072924,46.8517945353476],[-88.6789826587732,46.8518222204391],[-88.6787088379732,46.7647885782196],[-88.6760717110675,46.7300555389353],[-88.6784272247144,46.7226532793732],[-88.6789196476921,46.6374225145912],[-88.678826319202,46.5499953712754],[-88.6793919291279,46.4201392337151],[-88.4716599899385,46.4198947967285],[-88.1165709034744,46.4199508868406],[-88.117406546293,46.2466175042589],[-87.8665548740144,46.2468420099705],[-87.8670834416996,46.1598636174171],[-87.9924199264488,46.1599055557448],[-87.9920932834038,46.0290841415464],[-87.9924232957572,45.9691802129607],[-87.9914463573713,45.9308926614552],[-87.9920784321271,45.8991360165807],[-87.9446816138804,45.8989274141289],[-87.944313267582,45.8225569551505],[-87.9422435879733,45.7576318039683],[-87.9282064096119,45.7602393282037],[-87.9223623325327,45.7569936551625],[-87.9044916681863,45.7590946631803],[-87.8962845239453,45.7523689955291],[-87.8809141677708,45.7550168636875],[-87.8632060242595,45.7454920728339],[-87.8636386001894,45.7356015464732],[-87.8464188018242,45.7226348553052],[-87.6971587384212,45.7229516037449],[-87.6978215639193,45.7951764123672],[-87.6969313121228,45.8396416742991],[-87.6969458094569,45.8988417234672],[-87.6173894143638,45.8988377935673],[-87.617084424938,45.9860059301714],[-87.2428646660127,45.9851037445211],[-87.2414995607241,46.1590943347177],[-86.9283005687515,46.1588668107808],[-86.8658383801581,46.1584608143942],[-86.7822667276262,46.158801724336],[-86.6156010538278,46.1586906902977],[-86.6151439567083,46.2313254368923],[-86.6153971690269,46.3332634548945],[-86.3649836671403,46.331927231945],[-86.3654834587043,46.3901797682565],[-86.3649534531621,46.505852135078],[-86.1782821787957,46.5051040324482],[-86.1151873070626,46.5055296360455],[-85.9067964219302,46.5046209721498],[-85.8649322631849,46.5047580866381],[-85.8642703517811,46.6061902708078],[-85.8645575873162,46.6899214838861]]]]},"properties":{"OBJECTID":55,"District":"109","Name": "Karl Bohnak","Layout":"Landscape","Shape__Area":11020464833.02098,"Shape__Length":960994.4962984484,"MGFVersion":"V24"}},
{"type":"Feature","geometry":{"type":"Polygon","coordinates":[[[-83.699370900636,43.5947566951302],[-83.7040423251289,43.6015364823313],[-83.7218951967812,43.6127950093804],[-83.7318221182984,43.6140920646665],[-83.749462873238,43.6247571551913],[-83.7522055977448,43.6222059185529],[-83.7779790816865,43.6298951157222],[-83.7904670662078,43.6376933615962],[-83.803612103807,43.6357950569499],[-83.8165640856679,43.6439496230391],[-83.8443879152859,43.6530091737439],[-83.8521907178625,43.6460248896547],[-83.8623014011394,43.6491886189996],[-83.9057665051674,43.6705232846343],[-83.9135385189546,43.6789076664521],[-83.9393158630918,43.7155245191095],[-83.9538854552312,43.7500027424129],[-83.9561450023049,43.7598535404628],[-83.9435788906896,43.7631227340387],[-83.9362277752439,43.784228117365],[-83.9257935182986,43.7874435245326],[-83.9275738651291,43.7995979673111],[-83.9210430085182,43.8166143549536],[-83.9217761565932,43.8244559409746],[-84.1673176933254,43.8259023757952],[-84.1671167714586,43.654499387518],[-84.0486603979808,43.6534526861333],[-84.0509874065531,43.5240638691899],[-83.9347370028137,43.522730913757],[-83.8172283971598,43.5223449634701],[-83.8176779367941,43.4790517233447],[-83.6988163662972,43.4789573167846],[-83.6995234570828,43.5889835134557],[-83.69950442211,43.5897039523124],[-83.6994919375545,43.590176454677],[-83.6994649890382,43.5911963304182],[-83.699370900636,43.5947566951302]]]},"properties":{"OBJECTID":56,"District":"096","Name": "Timothy Beson","Layout":"Landscape","Shape__Area":789574398.1645355,"Shape__Length":213392.71755757168,"MGFVersion":"V24"}},
{"type":"Feature","geometry":{"type":"Polygon","coordinates":[[[-83.9349561050629,43.3627080087937],[-83.9170449995252,43.350669998909],[-83.8980900005367,43.3518129988005],[-83.8826449995004,43.3587689990037],[-83.8818790001199,43.3418629988097],[-83.8666410000577,43.3418959989517],[-83.8672175342997,43.3633256849031],[-83.8765889033932,43.3792357183683],[-83.8174584246132,43.3780136970493],[-83.8179134827141,43.4142694051933],[-83.8908108070072,43.4144960720083],[-83.8907288686302,43.4617365630373],[-83.9072082142601,43.4793157652993],[-83.9106351343083,43.4652884000176],[-83.9249898310262,43.4656154916779],[-83.9358980840491,43.4795495706562],[-83.9754888856013,43.4800488853933],[-83.9755250632505,43.4653989359329],[-84.0520636184952,43.4660801312388],[-84.0520894428097,43.4516704382745],[-84.0619308064352,43.4514592922581],[-84.0620219898879,43.4428540193713],[-84.0469272365747,43.4372438483957],[-84.0295450424009,43.4352275417609],[-83.9951450164679,43.422304230135],[-83.9950691265584,43.4079399762985],[-84.0469109776016,43.4085629982521],[-84.0148865622182,43.393563577844],[-83.9949043118512,43.3923339355564],[-83.9836056023829,43.3854977440618],[-83.9715929999422,43.3709539993747],[-83.9568150004141,43.364686998751],[-83.9495219995556,43.3668229992794],[-83.9349561050629,43.3627080087937]]]},"properties":{"OBJECTID":57,"District":"094","Name": "Amos O'Neal","Layout":"Landscape","Shape__Area":153073937.95591736,"Shape__Length":83527.56003244605,"MGFVersion":"V24"}},
{"type":"Feature","geometry":{"type":"Polygon","coordinates":[[[-83.2378464384157,42.343085771635],[-83.2639214359352,42.3416922980129],[-83.2656555587296,42.3570554060474],[-83.301843033296,42.3559596498035],[-83.3025469992027,42.3408319951096],[-83.3121801555992,42.340636359784],[-83.310867013711,42.3117091024558],[-83.2911075640745,42.3120496661229],[-83.2897756504703,42.275896005766],[-83.3093108982229,42.2755046880627],[-83.3089992082223,42.2682296193233],[-83.2319108900302,42.2698786375048],[-83.2177244229178,42.277213782915],[-83.2290989086504,42.2825982548642],[-83.2560543708204,42.2820711271829],[-83.2427027247467,42.2973922289835],[-83.2633108754923,42.2998547757783],[-83.2561336850072,42.3183577588717],[-83.2489036979771,42.3271831957546],[-83.2349812389099,42.3298304355691],[-83.2378464384157,42.343085771635]]]},"properties":{"OBJECTID":58,"District":"015","Name": "Erin Byrnes","Layout":"Portrait","Shape__Area":42704531.13308716,"Shape__Length":45437.21931124633,"MGFVersion":"V24"}},
{"type":"Feature","geometry":{"type":"Polygon","coordinates":[[[-83.0868821252366,42.5347918010268],[-83.0293431335562,42.5366428013115],[-83.0305609674733,42.5911670482653],[-83.0231721867158,42.6025113551419],[-83.0441615258032,42.6255202999386],[-83.0914486469852,42.6242080683872],[-83.1258219459079,42.6231514918595],[-83.1298516416685,42.60695862564],[-83.1101401957659,42.6074037099539],[-83.107925551211,42.5558989330917],[-83.1164090005816,42.5538179989393],[-83.1158530003299,42.5412289991735],[-83.1268826721917,42.541151064113],[-83.1249987737071,42.5043207767239],[-83.1172280763312,42.5044067143798],[-83.116257659451,42.5339287516907],[-83.0868821252366,42.5347918010268]]]},"properties":{"OBJECTID":59,"District":"057","Name": "Thomas Kuhn","Layout":"Portrait","Shape__Area":71593814.15586853,"Shape__Length":47791.19553702301,"MGFVersion":"V24"}},
{"type":"Feature","geometry":{"type":"Polygon","coordinates":[[[-84.1407131995943,42.4246114291216],[-84.1406009139306,42.5083944666392],[-84.1417176347825,42.546285420239],[-84.1519660384425,42.7107308344999],[-84.1581892528399,42.7766394085169],[-84.2724933235385,42.7760691706876],[-84.2656520153298,42.7169313945991],[-84.2639590698603,42.6938037206849],[-84.2851929640947,42.6897234218521],[-84.3077072398704,42.6897240828146],[-84.3126200617209,42.6863013528249],[-84.3636109278816,42.6864994592472],[-84.363487005549,42.709495678303],[-84.448943578591,42.7256206451865],[-84.5034264821387,42.7406115774038],[-84.5011600991335,42.7290087297024],[-84.5150756979592,42.733632296924],[-84.5151815705299,42.7231062562236],[-84.5098398804871,42.711851834307],[-84.4987766353972,42.7081996559452],[-84.4986287102081,42.6828620749729],[-84.4841104113256,42.6827882084808],[-84.4835089526345,42.5966295294429],[-84.6024789877748,42.5968194638659],[-84.600402621745,42.4219841009085],[-84.3647832134494,42.4221467335189],[-84.3648052391339,42.4246942429011],[-84.2504134633906,42.4247652792021],[-84.1407131995943,42.4246114291216]]]},"properties":{"OBJECTID":60,"District":"073","Name": "Julie Brixie","Layout":"Portrait","Shape__Area":1145708440.1175613,"Shape__Length":179166.67308347515,"MGFVersion":"V24"}},
{"type":"Feature","geometry":{"type":"Polygon","coordinates":[[[-82.8795041843472,42.5107700039704],[-82.9184534599269,42.5099987677328],[-82.9119109143572,42.5248707592818],[-82.9689910578593,42.5236177846023],[-82.9696346183885,42.5384289874609],[-82.9835490247961,42.5380137264215],[-83.0081799999129,42.5367009989223],[-83.0068893884454,42.5070802948786],[-83.006325034747,42.4851429801787],[-82.986978599262,42.4854966248374],[-82.9867580000948,42.4782685958283],[-82.9678213658879,42.4794881418228],[-82.9172604168647,42.4804386140293],[-82.9174322885431,42.4878479584591],[-82.8892919968678,42.4890724868191],[-82.8833317388527,42.4842630635184],[-82.8795041843472,42.5107700039704]]]},"properties":{"OBJECTID":61,"District":"013","Name": "Mai Xiong","Layout":"Landscape","Shape__Area":47382630.47755432,"Shape__Length":37372.28220862955,"MGFVersion":"V24"}},
{"type":"Feature","geometry":{"type":"MultiPolygon","coordinates":[[[[-83.4358126674799,43.8624193040493],[-83.4494724472596,43.8590848829143],[-83.4401764094955,43.8411632948354],[-83.4308092485901,43.856713036244],[-83.4358126674799,43.8624193040493]]],[[[-82.5255827338156,43.2542256547813],[-82.528680158614,43.2937001921262],[-82.532259786011,43.3068272001468],[-82.5289716434633,43.3166749767942],[-82.5309530987508,43.3383990537696],[-82.5377065120851,43.3526884404913],[-82.5326201963419,43.3839544223755],[-82.53882761918,43.3972813151801],[-82.5402528863539,43.4232583875067],[-82.5375705953837,43.4328643908493],[-82.5475066066545,43.4478592927406],[-82.5464251024916,43.4570841567984],[-82.553307216784,43.4636144352604],[-82.5559635997832,43.4759371743359],[-82.5654581434378,43.4913964154402],[-82.567213438895,43.5046491144715],[-82.5762187556407,43.5286432268735],[-82.5854200476549,43.5436651569829],[-82.6007728070663,43.6048754289627],[-82.5970110817375,43.6146861899896],[-82.6027948325158,43.6338232996354],[-82.6014300234619,43.6414842406108],[-82.6063638120816,43.6659319541007],[-82.6045186372275,43.6790011979513],[-82.6100781533758,43.6982968027424],[-82.6086688991183,43.7145323860143],[-82.6104618337222,43.7354420490753],[-82.6192407065939,43.7549134066508],[-82.6150458710003,43.7794617432363],[-82.6241476070185,43.7867811883608],[-82.6224407204886,43.7982047129559],[-82.6335074240735,43.8224281039666],[-82.6341856884286,43.8324289256501],[-82.647718411087,43.8433390526297],[-82.6556470024192,43.8686293236103],[-82.6797013819438,43.8830916706114],[-82.6850258927934,43.9009009892199],[-82.6822448798836,43.9072211729053],[-82.701114395043,43.9282707207423],[-82.700325190656,43.9350948345346],[-82.7100457559754,43.9474654420005],[-82.7194482704779,43.9532268479902],[-82.7300781488684,43.9774758348439],[-82.7404599172094,43.9908543798889],[-82.7482561964441,43.9912496178163],[-82.7658622022176,44.0087665258898],[-82.7827582415078,44.0092552677977],[-82.7928869715361,44.0229929627222],[-82.8140900282367,44.0296297704267],[-82.8172760739582,44.0334684175141],[-82.8759932644077,44.0449846729868],[-82.8930568955302,44.0530589743204],[-82.9044345427109,44.0617167423076],[-82.9308351037534,44.0681512037551],[-82.9460064245538,44.0625569359698],[-82.9647535025572,44.0683840668276],[-82.9901261004216,44.0490924806169],[-83.0243746968279,44.0450946856267],[-83.0385901971296,44.03162776445],[-83.0443819548439,44.0180777508074],[-83.0540980138717,44.0092106590217],[-83.0757926193958,44.0012278360269],[-83.0942743301889,44.0014251700775],[-83.11230706522,44.0045385343615],[-83.1456938197598,43.9889783603121],[-83.1861148640998,43.9815152520285],[-83.1982610109067,43.9835980182057],[-83.2349424591448,43.9794331925863],[-83.2611095538792,43.970234443356],[-83.2691905380248,43.9553274756342],[-83.2799291363584,43.9459905455847],[-83.2819178213641,43.9383060700912],[-83.3113150539094,43.9195320853865],[-83.336674550494,43.9147002856247],[-83.3780302477662,43.9130004358688],[-83.3998337903693,43.9171353980976],[-83.3979933668686,43.9074450711563],[-83.3791320572414,43.9099599040172],[-83.3437177287049,43.9055683912537],[-83.3290919245447,43.9016437333454],[-83.3255564361704,43.8828703415497],[-83.3395205386669,43.8752145036915],[-83.3583958043463,43.8571820446675],[-83.3677519464172,43.852495217533],[-83.3838150711137,43.8528271263373],[-83.3892468441388,43.8439375143392],[-83.391979824467,43.8284252094241],[-83.3979027782571,43.8153416728518],[-83.4168902313107,43.8004365888425],[-83.431701361728,43.7845498196126],[-83.4485835882456,43.7567746151659],[-83.4674026190511,43.7289088141209],[-83.466592376787,43.667620902108],[-83.3539899449872,43.6697215479725],[-83.3509273936245,43.582899548997],[-83.3441770610573,43.4096907823233],[-83.4628587326643,43.4078228254365],[-83.4615976111145,43.3208214449075],[-83.3544175521052,43.3222566435612],[-83.351709195045,43.2351934977739],[-83.2351587248007,43.237648831688],[-83.2322835041219,43.1487071678942],[-83.1142052798216,43.1519637269702],[-83.1190269616561,43.2836797432015],[-83.0004295883204,43.2849126182504],[-82.9996258375209,43.2454733673442],[-82.9962574873424,43.154098657176],[-82.8005913521173,43.1591961274747],[-82.6432812370994,43.1639976151802],[-82.648496567189,43.2488712438562],[-82.5255827338156,43.2542256547813]]]]},"properties":{"OBJECTID":62,"District":"098","Name": "Gregory Alexander","Layout":"Portrait","Shape__Area":5678759756.7066345,"Shape__Length":649708.2240883071,"MGFVersion":"V24"}},
{"type":"Feature","geometry":{"type":"Polygon","coordinates":[[[-85.6698755531309,43.0290591583851],[-85.7885028751645,43.0308774447663],[-85.7852761313609,42.9869105745159],[-85.7821808119279,42.9117472892523],[-85.7822764655603,42.8774180396106],[-85.7335628633672,42.8774243239359],[-85.7349185320376,42.9331424646051],[-85.7222542984458,42.9373710826177],[-85.7099169999909,42.9477759986436],[-85.6970810003571,42.9496109987198],[-85.6823173627259,42.9561257075098],[-85.6762729998144,42.9632649994008],[-85.650082162109,42.9650748217624],[-85.6594178596673,42.9717925450191],[-85.6570794310291,42.9809119767136],[-85.6673927641486,42.9845376784935],[-85.6565638360564,42.9990363255317],[-85.6728995151913,42.9992161763797],[-85.6723540638249,43.0140811108628],[-85.6650306208518,43.0182843379987],[-85.6698755531309,43.0290591583851]]]},"properties":{"OBJECTID":63,"District":"084","Name": "Carol Glanville","Layout":"Portrait","Shape__Area":120118422.58515167,"Shape__Length":61988.8305651457,"MGFVersion":"V24"}},
{"type":"Feature","geometry":{"type":"Polygon","coordinates":[[[-85.2988794735364,42.4198485181363],[-85.3681598131574,42.4197694923499],[-85.5431914924498,42.4214327678486],[-85.5431337886553,42.5088363688288],[-85.7009556269534,42.5079600059447],[-85.7009321437401,42.468282497343],[-85.7082833912999,42.468332215073],[-85.7134431916815,42.4501074763668],[-85.7005732940475,42.4500789189466],[-85.7002162299669,42.4246873574973],[-85.7024796220926,42.4210241490264],[-85.7646920673277,42.4207076609631],[-85.7657701539386,42.3024559360612],[-85.7452993615124,42.302555117546],[-85.7424221500284,42.2952941546109],[-85.7272731154671,42.2956185774064],[-85.7272799995827,42.3025169992153],[-85.7155699996289,42.3098989978197],[-85.6913309998463,42.3099679984887],[-85.6821939427715,42.3175571737961],[-85.6720960772421,42.3176036342899],[-85.6637837176228,42.3235098768788],[-85.6640490471464,42.332563114364],[-85.648137838126,42.3321349759694],[-85.6481155712942,42.3246526237472],[-85.6288460701567,42.3179072691036],[-85.610535000368,42.3179689992959],[-85.6107209983283,42.3328933837257],[-85.5813204596749,42.3327723520101],[-85.5753125548591,42.3222226791543],[-85.5605673412946,42.3214534465574],[-85.5507101145777,42.3327312098165],[-85.5311520593264,42.3327860967279],[-85.5308029149609,42.2303210807133],[-85.5303064128281,42.1574626686079],[-85.6478126140457,42.1573834825435],[-85.6762832981295,42.15781302439],[-85.7646047287178,42.1572543092824],[-85.7629433396573,42.0693269690919],[-85.6449677587047,42.070328780571],[-85.5876849404196,42.0702399097669],[-85.4111922084698,42.0712642415667],[-85.4141841503156,42.2845298210065],[-85.4055760577114,42.2885762477079],[-85.4058081446043,42.3003533227038],[-85.4144605928967,42.3000068299091],[-85.4150041900485,42.3328741082873],[-85.2977759067132,42.3328147432972],[-85.2988794735364,42.4198485181363]]]},"properties":{"OBJECTID":64,"District":"042","Name": "Matt Hall","Layout":"Portrait","Shape__Area":1004120523.8325577,"Shape__Length":235438.24833212327,"MGFVersion":"V24"}},
{"type":"Feature","geometry":{"type":"Polygon","coordinates":[[[-83.0068893884454,42.5070802948786],[-83.0463449969356,42.5061418461913],[-83.047109937949,42.5206885218763],[-83.0679165556943,42.5203955809406],[-83.0675992991224,42.5123854563888],[-83.0859242775838,42.5121061843423],[-83.0868821252366,42.5347918010268],[-83.116257659451,42.5339287516907],[-83.1172280763312,42.5044067143798],[-83.1148902419117,42.4758749007879],[-83.1113883801411,42.4685944383525],[-83.109475287175,42.4469717073687],[-83.0836251598159,42.4471500002302],[-83.0839575245401,42.4618251423239],[-83.0644663673875,42.4622304469447],[-83.0648401434317,42.4693553725818],[-83.0059939487421,42.4706943492616],[-83.006325034747,42.4851429801787],[-83.0068893884454,42.5070802948786]]]},"properties":{"OBJECTID":65,"District":"014","Name": "Mike McFall","Layout":"Portrait","Shape__Area":54248708.1187439,"Shape__Length":40711.58637867851,"MGFVersion":"V24"}},
{"type":"Feature","geometry":{"type":"Polygon","coordinates":[[[-83.1690917581021,42.7107347302803],[-83.1700099999452,42.7316899989741],[-83.1754515570183,42.7398515407116],[-83.2152254439769,42.7388804705394],[-83.2174395244442,42.7979218119589],[-83.332974060562,42.7951273458769],[-83.32884715074,42.7059880069699],[-83.2426774646086,42.7087315310489],[-83.2410343645441,42.6886940499883],[-83.2512669790825,42.6777946870658],[-83.2478785137716,42.6044449085422],[-83.2525945996551,42.6038279668364],[-83.2671403701267,42.6148024268014],[-83.2782937948509,42.6106342425752],[-83.2895286462814,42.6028693678455],[-83.2999795074717,42.6084840044054],[-83.3046570002047,42.596583999494],[-83.3237660835742,42.5953422699738],[-83.3233804365795,42.5720451966004],[-83.308510000398,42.5733759988035],[-83.3083500612778,42.5583605757706],[-83.2854162420388,42.5587892946989],[-83.2819465894883,42.5667283466168],[-83.264583887683,42.5670540331484],[-83.2642850400445,42.5591491649632],[-83.236327668728,42.5598356141962],[-83.2252089457269,42.5601371650823],[-83.2259691837743,42.575282046438],[-83.2216463327095,42.5823965894815],[-83.2074746723193,42.5828498107925],[-83.209231617206,42.6210015165582],[-83.2140272157148,42.7095387382407],[-83.1690917581021,42.7107347302803]]]},"properties":{"OBJECTID":66,"District":"054","Name": "Donni Steele","Layout":"Portrait","Shape__Area":180066049.67944336,"Shape__Length":100878.00276690714,"MGFVersion":"V24"}},
{"type":"Feature","geometry":{"type":"Polygon","coordinates":[[[-83.3185795669294,44.5116388320381],[-83.3078411803933,44.540967688034],[-83.3130516564437,44.559856427847],[-83.3156752740303,44.5951775999166],[-83.314779189463,44.6076862938744],[-83.3071148797072,44.6303157550266],[-83.29115660342,44.6492738656345],[-83.2823893591528,44.6772543502707],[-83.2758534096731,44.6921495442274],[-83.2744227939319,44.7145693948192],[-83.2857591448471,44.7234196212273],[-83.2957595416128,44.7407961610797],[-83.2983647573074,44.7536192661144],[-83.2911357074021,44.7670253899616],[-83.2967184809907,44.787106408399],[-83.2937385679911,44.8083065622485],[-83.2993268697164,44.8163359004335],[-83.3011245025793,44.8304722189489],[-83.3140754943717,44.8417303888068],[-83.3216119632012,44.8539353618105],[-83.3164471733133,44.8651451265215],[-83.3203003135039,44.8804306935323],[-83.3316008086578,44.8842902970103],[-83.3453283215963,44.8839333714806],[-83.3648972281584,44.8906175454985],[-83.3764863819885,44.9010089257711],[-83.3906026777652,44.9020508340877],[-83.3990102307377,44.9067698272505],[-83.4051055036325,44.9193270136037],[-83.4304395735504,44.93029731757],[-83.4387925525131,44.9408926683942],[-83.4450747471164,44.9584363952669],[-83.4455982917118,44.9790180648166],[-83.4495551775126,44.9899832609427],[-83.4625946095523,44.9941282107277],[-83.4641382338071,45.0030793664637],[-83.4565286975654,45.0103647002932],[-83.4530198120738,45.0357779817617],[-83.4417426405683,45.0512284312627],[-83.4332557834802,45.057882377507],[-83.4056292142289,45.0668619428434],[-83.3846813463564,45.0767652203495],[-83.3737083906958,45.0770634517809],[-83.3653564741553,45.0720581165],[-83.3650127395219,45.0576294795543],[-83.3491096796928,45.0497377672522],[-83.3397976170251,45.0413462300483],[-83.3190622710689,45.0378221121184],[-83.288072446535,45.0264792096644],[-83.2670824389474,45.0229177775444],[-83.2713823637694,45.0394189177461],[-83.2770771491063,45.0449924237889],[-83.3078434621295,45.0493571659702],[-83.3135870310964,45.0555879853831],[-83.3099825203833,45.0671333672015],[-83.3164658570826,45.0752708835871],[-83.316234817493,45.0887047493465],[-83.3103151443484,45.1099792448258],[-83.3201904093901,45.1213945288015],[-83.3219627007993,45.133271122144],[-83.3171622028676,45.1421839921455],[-83.3301247582453,45.1460023546761],[-83.3354367030552,45.1430035040844],[-83.3475598908802,45.1611616160956],[-83.3595080428192,45.1628788431978],[-83.3679900995337,45.1725214291646],[-83.3678074262163,45.1842285864727],[-83.3795328996244,45.2020532031416],[-83.3973700065577,45.2158791692096],[-83.413068885871,45.2409588116855],[-83.4148521328105,45.2560152287795],[-83.3916068261319,45.252285368638],[-83.3814362308543,45.2694606982539],[-83.4084559607714,45.2878154659795],[-83.4213826045601,45.2900685525402],[-83.433251181321,45.3042537427464],[-83.443212525711,45.3060943866433],[-83.4540366147493,45.3185346165978],[-83.4622959689675,45.319302765808],[-83.4667862662781,45.3323474472486],[-83.4797360264855,45.3259636931263],[-83.4897615525139,45.3358403200283],[-83.4784993150397,45.3417959333348],[-83.4887821599451,45.3573680648736],[-83.4947502989111,45.3394247747747],[-83.5197972072041,45.3470554148039],[-83.5382436535445,45.3582734213827],[-83.5554714610545,45.3493340151039],[-83.5688562391766,45.3474127412471],[-83.5845737636757,45.3558154108879],[-83.598086938241,45.3517656632355],[-83.6045890350296,45.3599250677456],[-83.6153794931442,45.3643917231544],[-83.6343205572286,45.3664038437271],[-83.6641464980664,45.3837776075666],[-83.6984328801626,45.3967219632495],[-83.7162814926152,45.414924107951],[-83.7365032002289,45.4114930880759],[-83.7451088062586,45.4036315101236],[-83.7600521010786,45.4122743300039],[-83.7735211399269,45.4073352775523],[-83.7829044210258,45.4164865007412],[-83.7975533802761,45.4170486711502],[-83.8247367005748,45.4272942984166],[-83.8305897958896,45.4340484413333],[-83.8401514399225,45.4345780351721],[-83.8576561579455,45.4459855734193],[-83.8814421874654,45.4680090642073],[-83.8987303542675,45.4768100105282],[-83.9076692002396,45.4848899351406],[-83.9388488023309,45.493110024403],[-83.9708077208927,45.4953589804877],[-84.0016090573975,45.4913483684569],[-84.0112027467995,45.4953530637537],[-84.0372992486546,45.4949051761237],[-84.0634146010931,45.4888937797717],[-84.092569046888,45.4954768823725],[-84.1121732051877,45.5073592466093],[-84.1229439057214,45.5248383931439],[-84.1267969697273,45.5413864794605],[-84.1265783946502,45.5563991869792],[-84.137300980153,45.5724242959202],[-84.1675618169844,45.5924255062839],[-84.1960753721548,45.6214299056177],[-84.2130273654148,45.6333696993563],[-84.2405593997459,45.6378654083121],[-84.2704178828117,45.6447498588953],[-84.2876003950503,45.6528134559633],[-84.3301618537,45.6644401044857],[-84.3750453401831,45.6555362034922],[-84.4134020054656,45.6695538400571],[-84.4278243004992,45.6693830416426],[-84.4172809022406,45.651472032406],[-84.4308612557774,45.6448037525442],[-84.4422468233958,45.6549388479305],[-84.4599717743121,45.6520055990058],[-84.4646723991738,45.6571339018871],[-84.478930878844,45.6566977749328],[-84.4912495794917,45.6641029544743],[-84.5000191626974,45.6736766178774],[-84.5166332373546,45.6787075443214],[-84.5374724965021,45.6881110675879],[-84.5521518778422,45.6974914084584],[-84.5578665817287,45.7091627290514],[-84.5724232746618,45.7101483271008],[-84.6087992614776,45.7238643602833],[-84.6089252031893,45.7216042447729],[-84.7220127603125,45.721467793168],[-84.7317660813445,45.7238204050152],[-84.7309153861511,45.6371230003615],[-84.7305420819675,45.5221058755876],[-84.7298519057082,45.4455354925043],[-84.7300936115859,45.3835738303781],[-84.7343785392039,45.2167643282477],[-84.7343032711248,45.2019357209235],[-84.5706611530079,45.2000367930838],[-84.3666084745576,45.1987360016865],[-84.3667353165855,45.1466718493132],[-84.3679514579115,45.0698825130001],[-84.3713723545262,44.9600864422758],[-84.3720786433647,44.9046957866773],[-84.3716583304083,44.6810437082416],[-84.2372456120088,44.6817081047421],[-84.1474798571784,44.6812876211486],[-84.0496704070041,44.6816247824823],[-84.0000889997092,44.6812699992135],[-83.8882105576209,44.6825519099034],[-83.8871797292774,44.6097347990075],[-83.8866534542446,44.5089679278795],[-83.6496666589597,44.5109789794754],[-83.4583945542274,44.5116530034334],[-83.3185795669294,44.5116388320381]]]},"properties":{"OBJECTID":67,"District":"106","Name": "Cameron Cavitt","Layout":"Portrait","Shape__Area":9338709925.121674,"Shape__Length":638052.3593328983,"MGFVersion":"V24"}},
{"type":"Feature","geometry":{"type":"Polygon","coordinates":[[[-84.6018096528574,42.9432652931876],[-84.8376282165649,42.9437506899855],[-84.8370767899898,42.7556120322495],[-84.7756425614703,42.7554288813469],[-84.7544123819581,42.7412615608993],[-84.7396320556045,42.7408360180224],[-84.7396614727921,42.7477626717746],[-84.7248931269619,42.7481198586689],[-84.7197996746021,42.7702423686245],[-84.6027614902215,42.7698795971786],[-84.6031217245595,42.7084868888799],[-84.5907764351669,42.7196377967694],[-84.5787790001209,42.7217949993963],[-84.5565069999864,42.7176339986813],[-84.5463100001338,42.7251009988914],[-84.5380209998608,42.7180219989417],[-84.5217729998139,42.7168539987406],[-84.5151815705299,42.7231062562236],[-84.5150756979592,42.733632296924],[-84.5011600991335,42.7290087297024],[-84.5034264821387,42.7406115774038],[-84.5083216098815,42.7479982254926],[-84.5082086055946,42.761630517622],[-84.5132256606224,42.7738276620848],[-84.5083473496688,42.7841115375359],[-84.4937943910414,42.7876872189818],[-84.4938977139557,42.7985736225683],[-84.4837289318785,42.7986341878863],[-84.4838608207595,42.8568747211912],[-84.6025014914392,42.8566698039631],[-84.6018096528574,42.9432652931876]]]},"properties":{"OBJECTID":68,"District":"077","Name": "Emily Dievendorf","Layout":"Landscape","Shape__Area":523136428.3280487,"Shape__Length":135159.96898667328,"MGFVersion":"V24"}},
{"type":"Feature","geometry":{"type":"Polygon","coordinates":[[[-84.2504908780346,42.3478652009362],[-84.2504134633906,42.4247652792021],[-84.3648052391339,42.4246942429011],[-84.3647832134494,42.4221467335189],[-84.600402621745,42.4219841009085],[-84.7184931876117,42.4215197885196],[-84.718565905905,42.3337658442962],[-84.7169494660301,42.2469175344376],[-84.7330642979385,42.2465646234126],[-84.735682756105,42.232166908735],[-84.7749114032781,42.2321088984152],[-84.7756992554994,42.2468918877478],[-84.8278669983961,42.2469311937854],[-84.828665494769,42.3342125058328],[-85.0290894093208,42.3336746224427],[-85.1410611707526,42.3321213437384],[-85.1407913038314,42.324123007439],[-85.1503383517631,42.3162812388189],[-85.1500794682188,42.3047710011142],[-85.1746119763192,42.3045800223026],[-85.1796820029182,42.296666432235],[-85.1789541445297,42.2464584737403],[-85.2969961787996,42.2461161794393],[-85.2977759067132,42.3328147432972],[-85.4150041900485,42.3328741082873],[-85.4144605928967,42.3000068299091],[-85.4058081446043,42.3003533227038],[-85.4055760577114,42.2885762477079],[-85.4141841503156,42.2845298210065],[-85.4111922084698,42.0712642415667],[-85.293626293984,42.0715530369227],[-85.1768145948964,42.0725385176438],[-84.9910293953021,42.0728799923278],[-84.8264908440775,42.0724680474466],[-84.7095559436984,42.0703660634778],[-84.4695112732104,42.0728736215684],[-84.3632966056733,42.0734557636956],[-84.3642156194525,42.1606364150475],[-84.4804707909417,42.16012830902],[-84.4823367215301,42.2110471282374],[-84.4832977233084,42.2518745979711],[-84.4827642297058,42.3348313942748],[-84.3650476903245,42.3346480955233],[-84.3649828566444,42.3162834296669],[-84.3489569998585,42.3238539988574],[-84.3267653494551,42.3197039008612],[-84.2887184695521,42.3381159029342],[-84.290219000036,42.3461159989686],[-84.2700019410541,42.3474356465677],[-84.2581284250214,42.3515751517991],[-84.2504908780346,42.3478652009362]]]},"properties":{"OBJECTID":69,"District":"045","Name": "Sarah Lightner","Layout":"Landscape","Shape__Area":2509216607.1582565,"Shape__Length":345015.5223059148,"MGFVersion":"V24"}},
{"type":"Feature","geometry":{"type":"Polygon","coordinates":[[[-83.109475287175,42.4469717073687],[-83.1113883801411,42.4685944383525],[-83.1148902419117,42.4758749007879],[-83.1554698267417,42.4741330091657],[-83.1519823482471,42.4460068146364],[-83.1420605259663,42.446229062637],[-83.1408360473307,42.4171480134169],[-83.1851751582572,42.4165247241782],[-83.1848455789278,42.4091953407248],[-83.1842240436194,42.3946658898232],[-83.1593504647583,42.3952400982667],[-83.158687589392,42.3766779798027],[-83.1459452872111,42.3715468726806],[-83.1312953698803,42.3643546055731],[-83.1176312073454,42.3701495833861],[-83.0817377623355,42.3828146342449],[-83.0856364947882,42.3886049634387],[-83.0988890002507,42.3837869990911],[-83.1219315727674,42.4174816043659],[-83.1018118087966,42.417828425662],[-83.1023813982557,42.4322767221227],[-83.109475287175,42.4469717073687]]]},"properties":{"OBJECTID":70,"District":"008","Name": "Helena Scott","Layout":"Portrait","Shape__Area":49434985.937072754,"Shape__Length":44288.58976818003,"MGFVersion":"V24"}},
{"type":"Feature","geometry":{"type":"Polygon","coordinates":[[[-83.7390873241327,42.2694646239481],[-83.7713538136132,42.2680035835118],[-83.7767286922178,42.2741593777598],[-83.7991742924119,42.2729064225034],[-83.7988309969918,42.2556797014648],[-83.8965473964796,42.2533089893577],[-83.8932828735739,42.1682364839962],[-83.9315954490083,42.166435478478],[-84.0109170003428,42.1653429991852],[-84.0083368490822,42.0780050505699],[-83.8896847406081,42.0803816134947],[-83.7739219414444,42.0824301599043],[-83.7743264162188,42.096964752985],[-83.7647689996381,42.1035609992915],[-83.750393999968,42.1046579991967],[-83.7524480001792,42.1203369987633],[-83.7463400003869,42.126488999419],[-83.7365880583406,42.1266099954327],[-83.7383240131215,42.1706135038274],[-83.697751434014,42.1713323360656],[-83.6988799089581,42.1931719748409],[-83.6845558031716,42.1935490013923],[-83.6850755336647,42.2255419558599],[-83.6604064225645,42.2245258472364],[-83.6612407353588,42.2593884517068],[-83.6844377071981,42.2588466192916],[-83.6859781829125,42.2549984865571],[-83.7117282345447,42.2596182315993],[-83.7257110766778,42.270611658008],[-83.7390873241327,42.2694646239481]]]},"properties":{"OBJECTID":71,"District":"033","Name": "Morgan Foreman","Layout":"Landscape","Shape__Area":390248870.45443726,"Shape__Length":106122.82398549092,"MGFVersion":"V24"}},
{"type":"Feature","geometry":{"type":"Polygon","coordinates":[[[-84.2724933235385,42.7760691706876],[-84.2721963745033,42.8094383747715],[-84.2807781952689,42.9560460980104],[-84.3657118888002,42.9551198244792],[-84.3672491633005,43.0306980409919],[-84.4560579315279,43.0306234733344],[-84.6015260942866,43.0313736534707],[-84.6018096528574,42.9432652931876],[-84.6025014914392,42.8566698039631],[-84.4838608207595,42.8568747211912],[-84.4837289318785,42.7986341878863],[-84.4938977139557,42.7985736225683],[-84.4937943910414,42.7876872189818],[-84.5083473496688,42.7841115375359],[-84.5132256606224,42.7738276620848],[-84.5082086055946,42.761630517622],[-84.5083216098815,42.7479982254926],[-84.5034264821387,42.7406115774038],[-84.448943578591,42.7256206451865],[-84.363487005549,42.709495678303],[-84.3636109278816,42.6864994592472],[-84.3126200617209,42.6863013528249],[-84.3077072398704,42.6897240828146],[-84.2851929640947,42.6897234218521],[-84.2639590698603,42.6938037206849],[-84.2656520153298,42.7169313945991],[-84.2724933235385,42.7760691706876]]]},"properties":{"OBJECTID":72,"District":"075","Name": "Penelope Tsernoglou","Layout":"Portrait","Shape__Area":752774814.0342712,"Shape__Length":141130.72295308343,"MGFVersion":"V24"}},
{"type":"Feature","geometry":{"type":"MultiPolygon","coordinates":[[[[-85.6763899365091,45.7462321684593],[-85.6896793031217,45.7470492570679],[-85.6969863264434,45.7358301566654],[-85.6871023605473,45.7193724154865],[-85.6969630022613,45.6980162410541],[-85.6804540893806,45.6960621355439],[-85.6548227308233,45.7158821327423],[-85.6514052094145,45.7285780973824],[-85.6550860838325,45.7384413110705],[-85.6763899365091,45.7462321684593]]],[[[-85.5655119541926,45.7602368972693],[-85.5672622273812,45.7485010097973],[-85.5618376825266,45.73643439941],[-85.5714854314584,45.7227046274564],[-85.5720848497092,45.7127000730956],[-85.5827723809598,45.7012530068304],[-85.5905505521215,45.6984566752174],[-85.604676578562,45.6817795754114],[-85.6053216716641,45.6683846728465],[-85.6097946620755,45.6595316608931],[-85.6043705675815,45.6431055055209],[-85.6063924667032,45.6353077513448],[-85.6202780637797,45.6250249812293],[-85.6228912197749,45.6046727258311],[-85.6288150555399,45.5978255885567],[-85.6231672145959,45.5848689054376],[-85.6081120114213,45.5797466261021],[-85.5841289930416,45.5791152527173],[-85.5606882786012,45.5717597119052],[-85.5413819562992,45.5750375923622],[-85.5254697383962,45.5918420430071],[-85.5100769109658,45.5963455052365],[-85.5067618457545,45.6023112253677],[-85.491593246102,45.6076029616202],[-85.4866874237632,45.6202527562273],[-85.4903628819885,45.6523769634756],[-85.5047112749505,45.6734644316687],[-85.5033493524196,45.6905325738699],[-85.4938907172619,45.6979820149078],[-85.4991972408621,45.726338257311],[-85.5219245539674,45.7390769318951],[-85.5162976951509,45.7491635583234],[-85.4981816284769,45.7452993136397],[-85.5016436663783,45.7545417022874],[-85.5240417611375,45.7506765896537],[-85.5441433595235,45.7514944194104],[-85.5466615062287,45.755408178772],[-85.5655119541926,45.7602368972693]]],[[[-85.3665748846948,45.8181462123389],[-85.3688599899149,45.8088015528052],[-85.3767614093345,45.8027481955941],[-85.3741865055381,45.7919753260089],[-85.3918375827105,45.7734203822933],[-85.3715515217087,45.7698228442885],[-85.3573771421191,45.7781657742628],[-85.3601459618443,45.7891921607509],[-85.3500130477606,45.7964083456094],[-85.3586971811074,45.8152630903393],[-85.3665748846948,45.8181462123389]]],[[[-84.5748036377516,45.8194686023028],[-84.5904392254347,45.8124881508232],[-84.5818295246552,45.8025121704548],[-84.562263361607,45.7965103835009],[-84.5499507586875,45.7900727405792],[-84.5247211166503,45.7640540654311],[-84.5086818280261,45.754010377122],[-84.5007853344636,45.7372272881813],[-84.4823499097477,45.7301036448429],[-84.4684270618184,45.7321613805241],[-84.4519882541642,45.7265621378429],[-84.4335280886716,45.7282169967021],[-84.4201218914924,45.7206856073046],[-84.4056651360019,45.722440374168],[-84.3940296031024,45.7275219465478],[-84.3944415823111,45.7351681100682],[-84.3850258584443,45.7432737931503],[-84.3710014521655,45.7471111262484],[-84.3700606953626,45.7567732553527],[-84.3560470525288,45.770174233522],[-84.3924913127346,45.784154547096],[-84.4066535782035,45.7881344691431],[-84.4193630549769,45.806783607876],[-84.4227411654125,45.7911014300215],[-84.433723910538,45.7867097016862],[-84.4589170433135,45.7954224678232],[-84.4841995832769,45.8018162573539],[-84.5000448019285,45.809218064998],[-84.5117789427169,45.8109441268408],[-84.5393992976817,45.8079451176975],[-84.5748036377516,45.8194686023028]]],[[[-85.5229611319842,45.8288236559266],[-85.5298394580363,45.8160256469669],[-85.5187613328689,45.8036157736711],[-85.5055090808663,45.7992394424352],[-85.4938325620877,45.7887732217262],[-85.5068848805684,45.7783321431035],[-85.4960443419183,45.7728842153192],[-85.4855794857588,45.7805792040532],[-85.4777913045728,45.7783719922197],[-85.4638443399216,45.7820564484411],[-85.4601172712345,45.7981665308112],[-85.4711323824965,45.7995753022257],[-85.4746875426307,45.8084357523365],[-85.4917604021882,45.8198148561599],[-85.5229611319842,45.8288236559266]]],[[[-84.6088879668401,45.8343739929757],[-84.6083364761743,45.8258072076363],[-84.5906201216213,45.8215410703812],[-84.5937256281359,45.830198603871],[-84.6088879668401,45.8343739929757]]],[[[-84.8770929628222,45.8672677458313],[-84.8802935698584,45.8617668193876],[-84.8672954908918,45.8541468857649],[-84.8622140586014,45.8603397779572],[-84.8770929628222,45.8672677458313]]],[[[-84.6358962815091,45.8830909304771],[-84.6451312921918,45.8759095880473],[-84.6500137292899,45.8590528640938],[-84.6392549658799,45.8526698753346],[-84.619705325158,45.8460837416859],[-84.6034213246794,45.8504687950405],[-84.6079678064365,45.8614345961804],[-84.6293043089632,45.8822082279381],[-84.6358962815091,45.8830909304771]]],[[[-84.5754049201894,45.968534420963],[-84.5826918132553,45.9631199757236],[-84.5758334099689,45.9552939063101],[-84.565215971286,45.9539922069582],[-84.5639330305713,45.9664083825666],[-84.5754049201894,45.968534420963]]],[[[-84.6305025120313,45.9789000171755],[-84.6401458061923,45.9746798473857],[-84.6385507491705,45.9577047421546],[-84.6263770224663,45.9588045424649],[-84.6174260756422,45.9689138593281],[-84.6305025120313,45.9789000171755]]],[[[-84.4289328577615,45.9932662183299],[-84.412408170915,45.9789846963786],[-84.4196722160023,45.9587444791812],[-84.4005614040795,45.9431827328258],[-84.3867117429663,45.9504207475116],[-84.3767858654075,45.9412249912694],[-84.3562559309189,45.9395984990554],[-84.3452902536974,45.945192361779],[-84.3609739186609,45.9595681691561],[-84.3731371293389,45.9657754092411],[-84.3824579160231,45.9614115235712],[-84.3901354215387,45.9696683228582],[-84.3779707226844,45.9768876729568],[-84.3878271281914,45.988358972632],[-84.4030653837441,45.9819167324536],[-84.4289328577615,45.9932662183299]]],[[[-84.3544244275765,45.9924831515244],[-84.350731932,45.9842337886046],[-84.3377111451748,45.9752098405073],[-84.3334698894686,45.9592138173316],[-84.3225226171285,45.9556571438549],[-84.3199642279775,45.9665110560485],[-84.3337874870399,45.9773123929108],[-84.3331554756722,45.9854714937848],[-84.3544244275765,45.9924831515244]]],[[[-83.7526835049925,46.0641455941352],[-83.7632525348477,46.0637488282971],[-83.771427312545,46.0443232623475],[-83.750063658971,46.0447995740604],[-83.7431024216456,46.0542515594177],[-83.7526835049925,46.0641455941352]]],[[[-84.0021971644787,46.094871405268],[-84.0125839904345,46.0884052222223],[-83.9947377242904,46.0754458101357],[-83.981629304112,46.0696015080308],[-83.9760517762091,46.0734279089491],[-83.9949112470085,46.0946547812882],[-84.0021971644787,46.094871405268]]],[[[-83.6336560122914,46.1036663459105],[-83.6604204858168,46.1002198785855],[-83.6956959456019,46.1020823853984],[-83.7184478814221,46.1013542381074],[-83.7214813701913,46.0910054683831],[-83.728543645571,46.087588526143],[-83.701629453512,46.0760653137821],[-83.6779058121659,46.0748159055401],[-83.6707275239322,46.0570238752118],[-83.6839745080402,46.0495637099387],[-83.6878208503577,46.0416101790743],[-83.7048581362964,46.0368462616936],[-83.7215951699182,46.037282350805],[-83.736417691087,46.0242125274689],[-83.7476215323955,46.0225794453084],[-83.7600561620587,46.0261101791427],[-83.7804283683161,45.9981463342512],[-83.8063638361045,45.9834534423569],[-83.8170582827361,45.9927410665067],[-83.8247753622409,45.9915284902516],[-83.8320394711387,46.00463005886],[-83.825380912587,46.0170743190414],[-83.8355985252171,46.0245391970515],[-83.8475468216984,46.0238106478238],[-83.8795607296829,45.9858168645889],[-83.8834913549369,45.9691239664449],[-83.8564395546337,45.9813278088155],[-83.8517798056849,45.9723651373642],[-83.8433441002209,45.9709500318548],[-83.8406002761492,45.9602655702388],[-83.8334825567474,45.9531642328226],[-83.8236250785075,45.9560401435047],[-83.8183883144965,45.9644637997694],[-83.8028376176971,45.9521828444314],[-83.8018181426104,45.93672215729],[-83.7860944931924,45.9328392689852],[-83.7695143216255,45.9541794222153],[-83.7588940173882,45.9546021472223],[-83.750649206509,45.9414944725863],[-83.7415695170252,45.9372947129362],[-83.7285442382524,45.9484376624053],[-83.7195900153855,45.9339639115362],[-83.7056767471074,45.9342150478015],[-83.7002267119702,45.9428158903172],[-83.6902187401745,45.9355789302723],[-83.6659127577082,45.941681867863],[-83.652910971963,45.9426787186375],[-83.6270710377601,45.956388687998],[-83.6201197493763,45.9440563234888],[-83.632116473243,45.9370963041876],[-83.6312290934077,45.9290799256143],[-83.6168351443637,45.9331906735241],[-83.6178171407498,45.9432523769767],[-83.6064042463082,45.9408787741116],[-83.6065631592435,45.9258801648784],[-83.5858792457121,45.9175699035354],[-83.5633490223531,45.9228394732644],[-83.5495363445242,45.9177830995777],[-83.5378310899615,45.9229184985157],[-83.5286814138177,45.9178950460756],[-83.5100778913816,45.9301295000773],[-83.5123876706373,45.9380450253341],[-83.4981543737039,45.9501823643495],[-83.4998369443012,45.9597672170998],[-83.4843683113488,45.969822482674],[-83.4728562464795,45.9853928275824],[-83.4872597245933,45.9989841497618],[-83.5063897839301,45.9950752326037],[-83.5191564308676,46.0085769536246],[-83.5336294208887,46.0068268671011],[-83.5408000658498,46.0170510952582],[-83.5449440780196,46.0427035265446],[-83.5539461717448,46.058676966568],[-83.5706129874583,46.0673554161013],[-83.575992922193,46.0836422507328],[-83.5867324303798,46.0911298468806],[-83.5929818518751,46.0877851640874],[-83.6336560122914,46.1036663459105]]],[[[-84.1733760658802,46.3256417700874],[-84.2109589192148,46.3220367170004],[-84.2105326997423,46.3057030036714],[-84.2066876256555,46.2963457221931],[-84.2097281209878,46.2841298859905],[-84.1964432537217,46.2715004021758],[-84.1844208262739,46.2683313216678],[-84.1767593515207,46.2563220495084],[-84.1757167028558,46.2448203443838],[-84.1641975689595,46.2376240146838],[-84.151432467757,46.2234624931314],[-84.1452902418862,46.2306904363806],[-84.1365707409559,46.2283857214897],[-84.126500609732,46.2387201346494],[-84.1040888644261,46.2512289861345],[-84.1058532906014,46.2591144272546],[-84.1250446180464,46.2752007048524],[-84.1252476710966,46.2915840886208],[-84.1310694518538,46.3076802151786],[-84.1432412549553,46.3192829551574],[-84.1733760658802,46.3256417700874]]],[[[-84.6087992614776,45.7238643602833],[-84.6324566568298,45.7326235475328],[-84.6452890930324,45.741157569434],[-84.680201337166,45.7496780684181],[-84.6814280151413,45.7561371146306],[-84.7232710091198,45.7683457602939],[-84.7230585480401,45.7837852951475],[-84.7320552730945,45.7883824749627],[-84.7231976616784,45.8466163822165],[-84.7059210730125,45.848850894754],[-84.7074592543153,45.8600480198668],[-84.7298146270318,45.8698167160717],[-84.7220587359458,45.8776487440756],[-84.7261986990018,45.8922132810114],[-84.734071643104,45.8971926438044],[-84.7356723937647,45.9123119863947],[-84.7204820934858,45.9169820844863],[-84.7169303419653,45.9253315071124],[-84.7293733668535,45.9319518600195],[-84.739566759786,45.9415636935851],[-84.7304480378407,45.9611420165651],[-84.7090885660189,45.9734241994574],[-84.6868776746983,45.9724037765524],[-84.6909632964983,45.9816613090644],[-84.6838936483422,46.0050268590739],[-84.6925907158714,46.0175937770157],[-84.6928126091084,46.0268391761601],[-84.6849810765186,46.0380022790576],[-84.673015710502,46.0479803006583],[-84.6551675054415,46.0526690851633],[-84.6314849143643,46.0393248859388],[-84.6192315025962,46.0377532498821],[-84.6063326341831,46.0293573054331],[-84.5863819759907,46.0265519437556],[-84.5790500222146,46.0315406965139],[-84.5618427152368,46.0324127424875],[-84.5405248904361,46.0189120854616],[-84.5328874518134,46.005728477245],[-84.5304231433674,45.9918951591196],[-84.5348996803105,45.9789099691709],[-84.5325962141337,45.9695545287528],[-84.5146461697398,45.9709516920667],[-84.5154699506384,45.993296866723],[-84.5031047218261,45.9991190352215],[-84.4821789630437,45.9934359649385],[-84.4810064831849,45.9773542431079],[-84.4719037636794,45.9715242403011],[-84.4603168058608,45.9821210387288],[-84.4709125580266,46.0009295422314],[-84.4645093123403,46.0091900268228],[-84.455609187407,46.0051173639957],[-84.4398367233515,46.0087212931789],[-84.4143622281897,45.9986009790679],[-84.4088407733361,46.0049879323969],[-84.3929966744451,45.9968370177636],[-84.371792854815,45.9790647852852],[-84.3595390530409,45.9777120381027],[-84.3567066946374,45.9859060163921],[-84.3627256271038,45.9957640718815],[-84.3412658266344,45.9968908313471],[-84.30154030647,45.9756068689665],[-84.2870321865376,45.9719811137404],[-84.2868519219197,45.9833726490729],[-84.3006407309419,45.9925836570237],[-84.2982095118098,45.9983247122183],[-84.2744647430349,45.9841054263364],[-84.266010047116,45.9906096657424],[-84.256492904698,45.9823130048767],[-84.2465640960298,45.9831890210051],[-84.2345610197106,45.9773401696598],[-84.232590115898,45.9849131882074],[-84.2166759234104,45.9861607686886],[-84.2111767015975,45.9809196449082],[-84.1799143132087,45.9754283556615],[-84.1581583844539,45.9811162429566],[-84.149916505346,45.9769295110371],[-84.1169491308079,45.9833077631893],[-84.1088465839545,45.9770995610338],[-84.0674528220523,45.9669163227674],[-84.0529779480018,45.9664009282542],[-84.0273418600225,45.9615413748667],[-84.0118875926843,45.9563726996691],[-84.0040645097775,45.9497500908037],[-83.9942281322513,45.9630055052686],[-83.9785489445173,45.9691218810021],[-83.9606890783835,45.9666513168503],[-83.9346530692275,45.9701125601611],[-83.919057961063,45.9662126538379],[-83.9055657164139,45.9740365936696],[-83.8976817026066,45.9898020544441],[-83.908992768089,46.0116864467379],[-83.9294634099578,46.017062999208],[-83.9484358096703,46.0283056843009],[-83.9581997249216,46.029652554879],[-83.9659769566819,46.0179673118617],[-83.9778829293417,46.0188836021578],[-83.9850357729747,46.030314114697],[-84.0036973131159,46.0454337456578],[-84.0113907920556,46.0439339170518],[-84.0248827032936,46.0507581890064],[-84.0342331942019,46.0654910104872],[-84.0397201360827,46.066425664473],[-84.0553229776654,46.0821250366687],[-84.0722978221873,46.0933571332295],[-84.071784697907,46.0996028845943],[-84.0606752727652,46.1142392675022],[-84.026713960066,46.1316763274271],[-84.0605038147817,46.1462689487274],[-84.0714855942553,46.143732452901],[-84.0799171776065,46.1493997642513],[-84.0902997825898,46.1461893074912],[-84.1034007433619,46.156983705084],[-84.115615765125,46.1625356374419],[-84.1148273739543,46.173797450321],[-84.1216006304892,46.1790091356775],[-84.1337495880384,46.1663115181657],[-84.1491750584485,46.1814461300207],[-84.1659783464754,46.1722075732363],[-84.1700607255668,46.1818536126879],[-84.1779322115127,46.18450012029],[-84.1809659149314,46.1729372016231],[-84.2054863385617,46.1642693527074],[-84.2241881131927,46.1633739181856],[-84.2509786263115,46.1750388606321],[-84.2435822865765,46.1854267363415],[-84.2630884390557,46.1921295107197],[-84.2666263985356,46.2053990572675],[-84.2523942170445,46.2042899267945],[-84.2513517114403,46.218974290911],[-84.2225390490041,46.2266473656385],[-84.2114074850258,46.2346883650355],[-84.2094784569009,46.2471702148845],[-84.1807711843088,46.24092766427],[-84.1934374316894,46.2670467463688],[-84.2130154165427,46.2850370638745],[-84.2223565423201,46.2974395833434],[-84.2217332287476,46.3419380890391],[-84.2238780120854,46.352630898815],[-84.2323264459962,46.366720342025],[-84.2437542554401,46.3790606743348],[-84.2543429821555,46.3964234163855],[-84.2609217569454,46.4325447997406],[-84.2819102202636,46.4581017384007],[-84.3008340096171,46.4715852004684],[-84.3022694130394,46.4867694583223],[-84.3284107114806,46.4968989684659],[-84.3402846737286,46.492765308054],[-84.3569399226161,46.4968591449308],[-84.371535362385,46.49575513333],[-84.3962868239348,46.4894739697148],[-84.4155594689768,46.4887385040809],[-84.4553611200686,46.4702180382646],[-84.4567644637741,46.4506445008662],[-84.4643474619697,46.4394135004713],[-84.4746394628019,46.4332214998459],[-84.4893121169529,46.4385736844756],[-84.4889488148374,46.418825099769],[-84.3641676519261,46.4194764455238],[-84.3640872618438,46.375559477538],[-84.3852135673023,46.375114266877],[-84.3839528883586,46.2961830309079],[-84.3838984361138,46.2443052413427],[-84.4883984484865,46.2448953917618],[-84.488254098261,46.1582879431449],[-84.6966646941076,46.1574862335928],[-84.7586673250664,46.1579073552114],[-85.112507852801,46.1582546125792],[-85.1130630310198,46.0454577486503],[-85.1126453802685,46.0373366392707],[-85.0941197695572,46.0272101313808],[-85.0538301783187,46.0227321353771],[-85.0353373596284,46.0154921938371],[-85.0153215188286,46.01129460297],[-84.9953305471509,46.0010349192705],[-84.9746934489926,45.9868926773661],[-84.9381816749732,45.9572571585542],[-84.9085830352988,45.923201941786],[-84.8953258305734,45.9267523492626],[-84.8809446212235,45.9208544788685],[-84.8702677415094,45.9078434050465],[-84.8588881045911,45.9022547464149],[-84.8388039283382,45.8981702550044],[-84.8383633927079,45.8812791927824],[-84.8323666613299,45.872947260754],[-84.8219228771349,45.8683178025937],[-84.8034978286853,45.8704357721459],[-84.7968720368728,45.8616861365828],[-84.7749973252274,45.8492645439405],[-84.7500888237566,45.8397600195602],[-84.7396151776931,45.8476713791346],[-84.7236898791128,45.8461467947467],[-84.7321632473077,45.7883605348795],[-84.7509697965298,45.7826665593786],[-84.7727965061394,45.7893771216406],[-84.7931455637247,45.7793548737284],[-84.7803598110354,45.7703807255214],[-84.7813037514688,45.7611464227363],[-84.788042684038,45.7527460612992],[-84.7998475339294,45.7470107987455],[-84.812411227626,45.7469161733577],[-84.8224290483988,45.7528122702971],[-84.8414061793423,45.7449521683046],[-84.8787171552659,45.7562375033755],[-84.9061307567119,45.7468564256387],[-84.9253747833399,45.7570806580734],[-84.9386602194673,45.7598730059304],[-84.9872681344641,45.7580258947515],[-84.9846220909435,45.7515195207597],[-84.9717174852868,45.7533981499834],[-84.9409807568899,45.7270804144746],[-84.9434715747115,45.7102349513345],[-84.9506288499601,45.7076080584599],[-84.9656355876578,45.6944788262976],[-84.9723557226403,45.6849769096765],[-84.9881998671105,45.6831819424115],[-85.0029071889783,45.6594828793504],[-85.0156761592114,45.6516128270586],[-85.0611619756665,45.6396703198035],[-85.0754425932283,45.6281581324306],[-85.0792145395138,45.6175039027836],[-85.0962801911454,45.5978699176728],[-85.1121264745932,45.5859242890149],[-85.1189706865738,45.5747996451249],[-85.1159837696883,45.5416640715039],[-85.1088482761696,45.5184846983042],[-85.0982500210622,45.4999824556137],[-85.0932396632326,45.4805394699746],[-85.0799242754772,45.4700637054826],[-85.0624696084926,45.4512891926939],[-85.0415643603974,45.4364968602402],[-85.0133789882548,45.4317044982165],[-84.9918357519688,45.4217343912393],[-84.9899033012664,45.4281193741002],[-84.9553044936189,45.4276077884416],[-84.922530336245,45.4223149059364],[-84.9137874985203,45.4127030194368],[-84.9161249053759,45.3930765903885],[-84.9369222967736,45.3871664468182],[-84.9629030200126,45.3770001851726],[-84.9924322684453,45.3680715397208],[-85.0116269591237,45.371646963325],[-85.0357296100763,45.3627051191784],[-85.0563130797979,45.3647335171902],[-85.1068054079089,45.3665779113757],[-85.1369215293515,45.3735238264449],[-85.1557078214921,45.3672896897687],[-85.1641331975332,45.3679503937591],[-85.1776259256902,45.3616417974476],[-85.2036160930214,45.3618873676218],[-85.2246044410047,45.3451182373986],[-85.2388859395336,45.3386231583386],[-85.2511173192891,45.339391156181],[-85.2551408122445,45.3259696236338],[-85.2717506468817,45.315835303592],[-85.2907037834415,45.3139919459016],[-85.2980978435443,45.321566003244],[-85.3128208354002,45.3060970626111],[-85.3283628920746,45.3027942591934],[-85.3375864885243,45.2902724880187],[-85.354253869362,45.2847600902102],[-85.3599129470982,45.2771899830056],[-85.3714167554328,45.2717632055204],[-85.3885279458439,45.2362079509773],[-85.3886674327391,45.2077571697034],[-85.222704952269,45.2055513557702],[-85.2236812766663,45.1178523719246],[-85.1396900212633,45.1181569506601],[-85.0146336012581,45.1179350008217],[-84.9786945988091,45.1184367572715],[-84.8778903572346,45.1166288032326],[-84.82654910319,45.1167669426688],[-84.7347989479598,45.1149033954641],[-84.7343032711248,45.2019357209235],[-84.7343785392039,45.2167643282477],[-84.7300936115859,45.3835738303781],[-84.7298519057082,45.4455354925043],[-84.7305420819675,45.5221058755876],[-84.7309153861511,45.6371230003615],[-84.7317660813445,45.7238204050152],[-84.7220127603125,45.721467793168],[-84.6089252031893,45.7216042447729],[-84.6087992614776,45.7238643602833]]],[[[-84.2059137990826,46.5362384136266],[-84.217190966353,46.5341478692179],[-84.2336364263566,46.5177298338535],[-84.2425595395079,46.5130050664293],[-84.2496998431122,46.4998689511247],[-84.2725526515371,46.4896489647122],[-84.2793494595163,46.490763905367],[-84.2867345565549,46.4785925768439],[-84.2770262925047,46.4598198018561],[-84.2639106705967,46.4534283484519],[-84.2521012508212,46.4671607558843],[-84.2444516271098,46.4507895352846],[-84.245332695987,46.4424281749612],[-84.2358679612726,46.4258581175998],[-84.2338196060519,46.4087008747357],[-84.2286911399731,46.3930295292265],[-84.218080700455,46.388669435477],[-84.1859194949438,46.3648108882836],[-84.1719561333836,46.3631463857654],[-84.1781978752064,46.3541433140357],[-84.175470407539,46.3352359461179],[-84.1535823151754,46.326193916192],[-84.1388158146111,46.3268284875167],[-84.1254335325167,46.3190177783405],[-84.1138842614598,46.3234999397848],[-84.1185609898542,46.3342463740579],[-84.1289488760392,46.3456621672315],[-84.1405163631384,46.3634821964108],[-84.1425073504115,46.3712519393469],[-84.1568735794318,46.378641472976],[-84.1594312271168,46.3909704564908],[-84.1768538873762,46.3991469317635],[-84.179522793919,46.4063656092272],[-84.1924315386675,46.4142610643186],[-84.1934577323727,46.4289030721199],[-84.1849361206099,46.439450583028],[-84.1792258999355,46.4568973168617],[-84.1668799126693,46.4650780143588],[-84.1511419534927,46.4676004980289],[-84.1484960810353,46.49024668789],[-84.137246909344,46.5080972998102],[-84.124425327061,46.5206615397278],[-84.1334141343043,46.5301616621639],[-84.1418211221461,46.5314365914144],[-84.163134379899,46.5240635260791],[-84.1777383003423,46.5230015809911],[-84.1949510856657,46.5277213570503],[-84.2059137990826,46.5362384136266]]]]},"properties":{"OBJECTID":73,"District":"107","Name": "Parker Fairbairn","Layout":"Landscape","Shape__Area":5423274464.505737,"Shape__Length":1966805.2408569648,"MGFVersion":"V24"}},
{"type":"Feature","geometry":{"type":"Polygon","coordinates":[[[-83.1249987737071,42.5043207767239],[-83.1268826721917,42.541151064113],[-83.1158530003299,42.5412289991735],[-83.1164090005816,42.5538179989393],[-83.107925551211,42.5558989330917],[-83.1101401957659,42.6074037099539],[-83.1298516416685,42.60695862564],[-83.1258219459079,42.6231514918595],[-83.209231617206,42.6210015165582],[-83.2074746723193,42.5828498107925],[-83.2216463327095,42.5823965894815],[-83.2259691837743,42.575282046438],[-83.2252089457269,42.5601371650823],[-83.2099473873782,42.5605566975427],[-83.1857280587751,42.5365124081676],[-83.1657970308811,42.5329880884066],[-83.1648694564252,42.5183453347767],[-83.1454897493333,42.5190511406285],[-83.1449257476045,42.5043082149171],[-83.1249987737071,42.5043207767239]]]},"properties":{"OBJECTID":74,"District":"056","Name": "Sharon MacDonell","Layout":"Portrait","Shape__Area":83646345.83143616,"Shape__Length":47004.1425714819,"MGFVersion":"V24"}},
{"type":"Feature","geometry":{"type":"MultiPolygon","coordinates":[[[[-86.1155689296971,45.047339552362],[-86.1246327340593,45.0469310804915],[-86.1413833039129,45.0404055557969],[-86.1558160797886,45.0139021293236],[-86.1560069697201,45.0047581698254],[-86.1352668088892,44.9970436127729],[-86.1160744790843,44.9992664886056],[-86.0938018771327,45.0072577999583],[-86.1014616535799,45.0203611889653],[-86.0960691600372,45.0304997128647],[-86.079370495309,45.0307959455621],[-86.0852492146782,45.0395431822533],[-86.1155689296971,45.047339552362]]],[[[-86.0448334168928,45.1593024803142],[-86.0593509111264,45.15152492216],[-86.0643139590256,45.1401509097624],[-86.0580047691444,45.1155479242391],[-86.0595196576426,45.1024321427394],[-86.0415998634062,45.0906385815153],[-86.0192098675548,45.071561316541],[-86.0098079192446,45.0592306996822],[-85.9992037198468,45.0541036482652],[-85.9653966496811,45.0662571658928],[-85.9770635186681,45.0730688690077],[-85.9844051902946,45.0858831824459],[-85.9803733935395,45.1138812112206],[-85.9746948020449,45.1219792932665],[-85.9773465476267,45.1388404136322],[-85.9890945517377,45.1506684903384],[-86.0054052211203,45.1557873346366],[-86.0448334168928,45.1593024803142]]],[[[-85.4431114807102,44.859818852869],[-85.4515899524129,44.8534821404612],[-85.4529244666928,44.8453824942853],[-85.4614657507792,44.8351258915084],[-85.4626109822822,44.825825013388],[-85.4705966219486,44.8171180499486],[-85.4990588557341,44.8044750357891],[-85.5094634584178,44.7862749803437],[-85.5035957685986,44.7721095245658],[-85.5062011418432,44.7659162162517],[-85.5266282738956,44.7476709400598],[-85.5534064507831,44.7485189019546],[-85.5755822572106,44.7589010922292],[-85.5702279835791,44.7727691838575],[-85.559641389223,44.7859376681295],[-85.5610800910444,44.7908931465934],[-85.557210645673,44.8163481660612],[-85.5411749901516,44.8334393302355],[-85.5182718877984,44.8456001763003],[-85.5084884041147,44.8478322848354],[-85.499697400575,44.8563571705039],[-85.4998888679006,44.8730192487268],[-85.4933212783904,44.8842103567397],[-85.4888140400495,44.9018884766775],[-85.4927883321618,44.9091312724402],[-85.4915030966284,44.9242349080224],[-85.4862462705455,44.9431498139574],[-85.4874915479343,44.9587876860133],[-85.4800469795529,44.9625498776197],[-85.4644379714339,44.9618166740656],[-85.4743122934134,44.9909701917947],[-85.4916238353243,44.9904254317373],[-85.4990807486779,44.9815847804943],[-85.5211012685399,44.9731828260583],[-85.5206316436133,44.9597872525833],[-85.5290334975433,44.9469181223729],[-85.5290603297333,44.9359716940965],[-85.5385493432357,44.9182198992787],[-85.564902669741,44.8948624950882],[-85.5542494700816,44.8895148651514],[-85.5471945074961,44.9009199581064],[-85.5343950359871,44.9012417456626],[-85.5304791463242,44.8899121005589],[-85.5326823295092,44.8733619683331],[-85.5489088568374,44.8632093987721],[-85.5536648222359,44.8566270835845],[-85.5641628367323,44.8312598694612],[-85.5790899158726,44.817725743188],[-85.5954374185022,44.7671119391576],[-85.6128954143005,44.7649246425753],[-85.6300580545919,44.7675613412276],[-85.6397640797167,44.7728238337638],[-85.6332695532152,44.799504581462],[-85.6412130867517,44.8103124458276],[-85.6513842508907,44.832090907882],[-85.6524950669051,44.8492242642618],[-85.6467671305129,44.8809639465016],[-85.6372985682758,44.8954974807457],[-85.6244151086683,44.9220719331033],[-85.6013937764503,44.9259285103746],[-85.6047556473834,44.9383864583087],[-85.6012644495725,44.9621756910905],[-85.5995270757295,44.9899839041874],[-85.6328543155247,44.9663970913582],[-85.648091216712,44.9711399195767],[-85.6408258854532,44.9888505202866],[-85.6299584434541,45.0024296389083],[-85.6234679707722,45.0039333470527],[-85.5997961349673,45.0215682027359],[-85.5975114628595,45.0442915765611],[-85.5873754313238,45.055695178223],[-85.5791527932928,45.0553308590531],[-85.5748296372489,45.0444867581497],[-85.5677886809694,45.0418578711028],[-85.5660148912404,45.0589427449133],[-85.5737154115272,45.0684345219511],[-85.5829941989088,45.0710977412022],[-85.596930436541,45.0889331822031],[-85.5953717402146,45.0994368218334],[-85.6064582856809,45.1085209648008],[-85.6147573458868,45.1271007557328],[-85.6017706126874,45.1407122698333],[-85.6005109043372,45.1488075868142],[-85.5904082308158,45.1532911549462],[-85.5703017566392,45.1551724654304],[-85.5488739014614,45.1689981240745],[-85.5319770778848,45.1766417662006],[-85.5269958378772,45.1898169428942],[-85.5377194837272,45.2012604689412],[-85.5407478511575,45.2109056855885],[-85.5506103107186,45.2108055073151],[-85.568628393456,45.1901421321815],[-85.5929441711959,45.1783388229395],[-85.6062810677868,45.1782650760884],[-85.6176182367887,45.1870998367361],[-85.631024976819,45.171108786712],[-85.655283221488,45.1464699226687],[-85.6601054583756,45.1350321908545],[-85.6734368743418,45.1195516667604],[-85.6815057025792,45.0925392525523],[-85.7051022427383,45.0695453249935],[-85.7411494095644,45.0556863237519],[-85.7475699201488,45.0500222160006],[-85.7592110833521,45.0283701656929],[-85.7671770538696,45.0184056659908],[-85.7797342437984,45.0098236451085],[-85.7763133358525,45.0003450020818],[-85.7809127316067,44.9768032569681],[-85.8098682875088,44.9486428008348],[-85.8279470088171,44.942390325875],[-85.8579334834168,44.9384451675059],[-85.8746758276501,44.940409881096],[-85.8993632245637,44.9628106905988],[-85.9132920074488,44.9676050162983],[-85.9327766838182,44.9682929112371],[-85.9501239277324,44.9435157291371],[-85.9687894590384,44.9264952063369],[-85.9763244089345,44.9097931462729],[-85.9849287581119,44.9030766994083],[-86.0069667030512,44.8989938591909],[-86.0287415039203,44.9058639898067],[-86.0406814989382,44.9148798198765],[-86.0574425150174,44.9113538175637],[-86.066831433023,44.9052221431237],[-86.0711578069324,44.8948934438591],[-86.0721362727728,44.8748995956095],[-86.0664152994245,44.8343273862823],[-86.066701417169,44.8185078035447],[-86.0786890783321,44.7937695161504],[-86.0745636723226,44.7780952074978],[-86.0573955583849,44.7783447947346],[-86.0590287750506,44.7187659858865],[-86.058950643161,44.6900518599931],[-85.94976091447,44.6893335318657],[-85.7848213514809,44.6887789505885],[-85.6562591506878,44.6864094463735],[-85.5749713533694,44.6862067469229],[-85.5749719031525,44.6431478166541],[-85.4551380183355,44.6423297060868],[-85.4554291485152,44.7143865154838],[-85.4451168835561,44.7144832022503],[-85.4446279568227,44.743704226689],[-85.4343170002412,44.7436109990513],[-85.4343389971128,44.758048113198],[-85.4278462149388,44.7580009446211],[-85.42197441377,44.76877778587],[-85.4218085351823,44.8597216131823],[-85.4431114807102,44.859818852869]]],[[[-85.8738031684537,45.442254000104],[-85.8837753509291,45.4442052780931],[-85.8761000196131,45.4262329718022],[-85.8656250871496,45.4172909810875],[-85.8434705920847,45.3926083242932],[-85.8361799608715,45.3776106750607],[-85.8280912667218,45.3894227164454],[-85.8268999735246,45.4048593220663],[-85.8317886384902,45.4199113855661],[-85.852330975286,45.436676582303],[-85.8738031684537,45.442254000104]]],[[[-85.7807267407209,45.4909123899794],[-85.7917658903655,45.4814149326217],[-85.7815662730122,45.4753565175338],[-85.7710978310285,45.460206116329],[-85.7666836906082,45.4763593587499],[-85.7713486204066,45.4867008956608],[-85.7807267407209,45.4909123899794]]]]},"properties":{"OBJECTID":75,"District":"103","Name": "Betsy Coffia","Layout":"Portrait","Shape__Area":1593413508.901123,"Shape__Length":441424.34553446044,"MGFVersion":"V24"}},
{"type":"Feature","geometry":{"type":"MultiPolygon","coordinates":[[[[-83.4276423676129,44.0282007051556],[-83.4404684411178,44.0376584896574],[-83.4423172972924,44.0265800730426],[-83.4276423676129,44.0282007051556]]],[[[-83.3185795669294,44.5116388320381],[-83.4583945542274,44.5116530034334],[-83.6496666589597,44.5109789794754],[-83.8866534542446,44.5089679278795],[-83.9875179739711,44.5091355321624],[-84.0682413495104,44.5081093831893],[-84.2899852864586,44.50706758225],[-84.3706434297267,44.5072225820932],[-84.3695599653271,44.3340808027426],[-84.3679948158192,44.2038103338199],[-84.3663241086565,44.175508413287],[-84.3680385820011,44.1605384039468],[-84.6081037599332,44.1604817741517],[-84.7287551362643,44.1608594607167],[-84.7290415389089,44.147957000787],[-84.7275241315455,43.9883435571775],[-84.7275233369451,43.9017277210674],[-84.7284430738155,43.8149949435906],[-84.6060351255646,43.8152182286577],[-84.6064681922051,43.9018482173531],[-84.55534797887,43.9021234184441],[-84.3657893956099,43.9005625474414],[-84.3656206024581,43.9141864204097],[-84.2871423858435,43.9129087750242],[-84.2881957328753,43.827634728149],[-84.1673176933254,43.8259023757952],[-83.9217761565932,43.8244559409746],[-83.920399635959,43.8386069000375],[-83.9240719210856,43.8566642429135],[-83.9162959451897,43.8632116440538],[-83.9181355832833,43.8754079557751],[-83.9159815928979,43.8997730326018],[-83.9085157915129,43.9156380655623],[-83.8907218445222,43.9230867653959],[-83.8899321884315,43.9337220897396],[-83.8760372234869,43.9612062892988],[-83.8664693141892,43.9610748059886],[-83.8481086272784,43.9825703397907],[-83.8404933620311,43.9946403406844],[-83.8262918426585,43.9891078141366],[-83.8078499033426,43.9971718549176],[-83.7947528231679,43.9894569225973],[-83.7757011492689,43.9852324073302],[-83.7616799760062,43.9853290628378],[-83.7522812480257,43.9909823315904],[-83.7491240130183,44.002499720344],[-83.7399139167758,44.005405753139],[-83.7066546527602,44.0003481464734],[-83.696786363499,43.9922848035876],[-83.68068164505,43.9877458194183],[-83.6800888972624,43.9945390431285],[-83.6896439129772,44.0255496632775],[-83.6725473929316,44.0413554119617],[-83.6457247424547,44.0532427545231],[-83.6144868234435,44.056493081566],[-83.5806771829338,44.0497463528972],[-83.5907615872511,44.0705024263426],[-83.5884522039706,44.0857197822243],[-83.5701343968699,44.1042513846427],[-83.5642031588157,44.1055298374425],[-83.5690431693285,44.1289319599089],[-83.5670196309347,44.1580369538721],[-83.5590535235407,44.1780261649265],[-83.548355162984,44.2285905785137],[-83.5347479542805,44.251871865599],[-83.5250519558518,44.2613308957839],[-83.5021879431869,44.2760301973502],[-83.4813283821163,44.279966065789],[-83.4688407652214,44.2796095304807],[-83.4444303430172,44.2726179408127],[-83.4399026300899,44.2653419790815],[-83.4255106778,44.272616407509],[-83.4157768381409,44.292911041586],[-83.401666924111,44.3017021605192],[-83.3732838900037,44.3279016313767],[-83.3578804332988,44.3330537696405],[-83.3361964250328,44.3328841990273],[-83.3324508877327,44.339915820023],[-83.3350131524709,44.3551890370903],[-83.3341226865753,44.3698994189183],[-83.32021378242,44.4061624165759],[-83.3273680158649,44.4301304879006],[-83.3238493731495,44.4603401196481],[-83.3166795919241,44.4939534127848],[-83.3185795669294,44.5116388320381]]]]},"properties":{"OBJECTID":76,"District":"099","Name": "Mike Hoadley","Layout":"Landscape","Shape__Area":5653201929.319382,"Shape__Length":507830.7479857239,"MGFVersion":"V24"}},
{"type":"Feature","geometry":{"type":"Polygon","coordinates":[[[-83.6940505538778,43.0756671827408],[-83.7334306170445,43.0750867955558],[-83.7331062910061,43.0384947082821],[-83.7423235244459,43.0274759293769],[-83.7295173246979,43.0238290592257],[-83.7393238039119,43.0116724806066],[-83.7386758912977,42.98965730946],[-83.7578340152157,42.9948315703705],[-83.772318602699,42.9873545264056],[-83.7717182460295,42.9652242383414],[-83.768726625587,42.9582830933921],[-83.7510878229842,42.958575516131],[-83.7466738979389,42.9457509061017],[-83.7320766729394,42.9513300488869],[-83.7321829247811,42.9589090875627],[-83.6828117595352,42.9597573446408],[-83.6823103775759,42.9815335933968],[-83.6531660253476,42.9819488288427],[-83.6437131002567,42.9893194714704],[-83.6441040061155,43.0039082514569],[-83.6344975707619,43.004168410154],[-83.6356653373334,43.0474008815132],[-83.6214530041272,43.0512126351438],[-83.6227414657166,43.0620485741268],[-83.6507359729232,43.0569113239608],[-83.6509546084153,43.0696402701244],[-83.6461684436292,43.076399600976],[-83.6940505538778,43.0756671827408]]]},"properties":{"OBJECTID":77,"District":"070","Name": "Cynthia Neeley","Layout":"Portrait","Shape__Area":104612557.93746948,"Shape__Length":69859.98077510588,"MGFVersion":"V24"}},
{"type":"Feature","geometry":{"type":"Polygon","coordinates":[[[-83.4533635073856,42.8804321469647],[-83.4555729341982,42.9279836750523],[-83.4590805628218,43.0500136087626],[-83.5765412540955,43.0482034837822],[-83.5773890000863,43.077198998994],[-83.597112789836,43.0771339952059],[-83.5961958119838,43.0479215086569],[-83.6356653373334,43.0474008815132],[-83.6344975707619,43.004168410154],[-83.6441040061155,43.0039082514569],[-83.6437131002567,42.9893194714704],[-83.6531660253476,42.9819488288427],[-83.6823103775759,42.9815335933968],[-83.6828117595352,42.9597573446408],[-83.5737519648798,42.9614744283823],[-83.573338024186,42.947370681668],[-83.5931365250051,42.9454594258791],[-83.6327144397684,42.9450131735803],[-83.6425125578544,42.9377196922009],[-83.6419739940021,42.9156672422737],[-83.6461303674533,42.9027406384683],[-83.6303111389535,42.9014504019818],[-83.6303798526432,42.8723619064202],[-83.5709860366995,42.8732734513975],[-83.5682577849827,42.7859963013981],[-83.5378706984617,42.7872861951649],[-83.4496322613094,42.7893430850649],[-83.4498452250059,42.7925306259076],[-83.4533635073856,42.8804321469647]]]},"properties":{"OBJECTID":78,"District":"068","Name": "David Martin","Layout":"Portrait","Shape__Area":385315885.6579132,"Shape__Length":113507.06246117243,"MGFVersion":"V24"}},
{"type":"Feature","geometry":{"type":"MultiPolygon","coordinates":[[[[-83.1419920899367,42.1696525552141],[-83.1459741276513,42.1835865221645],[-83.158044632766,42.1707725450819],[-83.169913047106,42.1419953728236],[-83.174687923137,42.1092029359642],[-83.1696098195654,42.0893843539382],[-83.151714084767,42.0998025553652],[-83.142426087554,42.1176205567428],[-83.1378910891142,42.135536555488],[-83.1373621168464,42.1604635731061],[-83.1419920899367,42.1696525552141]]],[[[-83.1967489897401,42.0824070876822],[-83.1906641787098,42.0949451169382],[-83.1899234762314,42.1108056379715],[-83.1805021576716,42.1167048471158],[-83.1761224466044,42.1377171680468],[-83.1672769719585,42.1569638245247],[-83.1643354485022,42.1736369920742],[-83.1531132173952,42.1871504348083],[-83.1416711185972,42.214131685216],[-83.148505010194,42.2348602972976],[-83.1556667112587,42.2342253083241],[-83.1684212850088,42.2235546664803],[-83.1810068097414,42.2229021743018],[-83.1806443522072,42.2137693970134],[-83.1939714365406,42.213666011132],[-83.2025250962383,42.2063381206951],[-83.2286432902212,42.205877986611],[-83.2289050340983,42.2058690401134],[-83.2281229867473,42.1842785925141],[-83.2181216766813,42.1843995424127],[-83.2155138207061,42.1119146225664],[-83.2250376004044,42.09922770769],[-83.2252469183167,42.0862541916713],[-83.1967489897401,42.0824070876822]]]]},"properties":{"OBJECTID":79,"District":"027","Name": "Rylee Linting","Layout":"Portrait","Shape__Area":88146581.07580566,"Shape__Length":118565.53931609893,"MGFVersion":"V24"}},
{"type":"Feature","geometry":{"type":"Polygon","coordinates":[[[-86.0495910002167,42.8560458004319],[-86.0989067820713,42.8562255786591],[-86.2106673391311,42.8554738351133],[-86.2117799295578,42.8313397951854],[-86.210367843664,42.7801647251622],[-86.212640265414,42.7726053316644],[-86.2080145948611,42.7624609405407],[-86.2065963862939,42.7095355196591],[-86.2114677344748,42.6813995583168],[-86.1350183986755,42.6815829348041],[-86.136784858593,42.7577062356767],[-86.1263361068031,42.7577950010335],[-86.1257252190418,42.7397080629079],[-86.1207228754256,42.7326139046643],[-86.0811758700985,42.7329849433749],[-86.0623261194697,42.7345122753129],[-86.0567482666526,42.7432598011466],[-86.0653423461495,42.7475080954595],[-86.0626402678803,42.7688130927063],[-86.0577784601773,42.7833399511946],[-86.0479008211399,42.7834145851287],[-86.0481407853759,42.7975519744173],[-86.0382697025822,42.7978866375479],[-86.0389185122787,42.8268318817071],[-86.0490420330321,42.8268132063961],[-86.0495910002167,42.8560458004319]]]},"properties":{"OBJECTID":80,"District":"086","Name": "Nancy DeBoer","Layout":"Portrait","Shape__Area":207608976.95457458,"Shape__Length":81426.57465585551,"MGFVersion":"V24"}},
{"type":"Feature","geometry":{"type":"MultiPolygon","coordinates":[[[[-87.6234183444357,47.4261044609719],[-87.6379100762336,47.4202238634828],[-87.6184764230784,47.4077604580703],[-87.6008738802749,47.4077568284004],[-87.6023496455545,47.4226557617779],[-87.6234183444357,47.4261044609719]]],[[[-88.4511999819836,46.9389759003589],[-88.4447450390576,46.9714595720949],[-88.4161944061441,46.9770919833838],[-88.405546432619,46.9819961177483],[-88.3854930347257,47.0046026250771],[-88.3745165858591,47.0116150516568],[-88.3590036941731,47.0396257266027],[-88.35405604268,47.0537641347417],[-88.3540564148246,47.0648639922013],[-88.3486077287514,47.078061120345],[-88.3217921626129,47.0868776628984],[-88.296841990687,47.0994524355277],[-88.2883816863126,47.1143316138458],[-88.2888174770853,47.1305969341877],[-88.2713530574378,47.1438935923572],[-88.2587302740116,47.1449411233065],[-88.249473672844,47.1360521907305],[-88.2321269753946,47.1456050399989],[-88.240382972065,47.1523230503429],[-88.2422298037873,47.1716228009544],[-88.2382481093755,47.1866565158726],[-88.2300001143169,47.1981549813824],[-88.2134944230115,47.2089183694978],[-88.1914328728068,47.2089662563161],[-88.1643742931447,47.2154866039845],[-88.1550373788985,47.2205160587316],[-88.1478530730708,47.2307777030405],[-88.1328133796091,47.2377128987628],[-88.1208870698806,47.252553589702],[-88.0967587820902,47.261252353169],[-88.0886669244319,47.2709881052062],[-88.0599607490956,47.2956569651199],[-88.016641352314,47.3058331127792],[-88.0058326908927,47.3132137218584],[-87.9717052699622,47.3313503448434],[-87.9430016296866,47.3362733292133],[-87.9376122321695,47.3435022721399],[-87.9472740873568,47.3550673592974],[-87.9550878401934,47.3567878574983],[-87.9649862731939,47.3668015211285],[-87.9643054985597,47.3770812064861],[-87.9574261011744,47.3871134630409],[-87.9411894444465,47.3903509142129],[-87.8836642136059,47.3954853460529],[-87.8488149052572,47.3950526375432],[-87.8279082325799,47.3865656345915],[-87.8139720859772,47.384869065804],[-87.7915880140969,47.3937360253733],[-87.7744270161079,47.3921607474817],[-87.7542626368586,47.4046930390779],[-87.7440188204207,47.4058589502708],[-87.7185159810687,47.4008220500379],[-87.7109803353673,47.4103731338837],[-87.7169228204901,47.4214204460618],[-87.7178006861764,47.4424255187008],[-87.7307563939835,47.4494875638024],[-87.7643331484919,47.4635519793678],[-87.8009331556628,47.4734254412208],[-87.8154344063551,47.4720141327364],[-87.8471810834788,47.473835638192],[-87.8520309819081,47.4679350138935],[-87.875382450956,47.4674220110793],[-87.8988258458427,47.4734832108971],[-87.9015842417413,47.4767486868704],[-87.9444423209047,47.4799283286328],[-87.9757838647803,47.4802916271929],[-88.0115660086733,47.4777348919679],[-88.0374644012362,47.473999923237],[-88.0385194712133,47.4697089154896],[-88.082818040637,47.4684418507684],[-88.1058277015235,47.4663191555926],[-88.11339547955,47.4619931904268],[-88.1419029021874,47.4621076741049],[-88.1801838156535,47.457997000771],[-88.1960337138752,47.4520471491265],[-88.2176044351313,47.4496574257217],[-88.2184530261756,47.4414834096599],[-88.2291627833032,47.4342488674855],[-88.247427182779,47.4276169106135],[-88.2859869725377,47.4220476422612],[-88.3038390218154,47.4117379300467],[-88.329855578683,47.4012778925418],[-88.3551036995054,47.3937366102961],[-88.3717083997281,47.3927261427851],[-88.4127796938415,47.3722559861956],[-88.4250556864168,47.3690615934742],[-88.4391924141465,47.3534700144683],[-88.4593144059767,47.3399033010159],[-88.4703096622062,47.3279188189279],[-88.478322377011,47.3127885089868],[-88.5038210657958,47.2913991418501],[-88.526171655329,47.2766850542069],[-88.5520448842373,47.2619881568393],[-88.5760332652715,47.2447258474562],[-88.6138303162919,47.2382405094255],[-88.6256773119068,47.2310902483707],[-88.6565861248613,47.2256319379625],[-88.6826184238271,47.2142748819745],[-88.718089188981,47.1937055968597],[-88.7333105262426,47.1833157571403],[-88.7646300784706,47.1554464512719],[-88.7771377694687,47.1505687730662],[-88.7896621349264,47.1511616904574],[-88.8197766845647,47.1389551699119],[-88.8374862215018,47.1199118525334],[-88.8460330448013,47.1145550252648],[-88.8763577753195,47.1063825045768],[-88.888119694635,47.1012311588953],[-88.9040299141624,47.0857839230846],[-88.9165687743739,47.0547008511327],[-88.9356749123321,47.0285124466111],[-88.9508109757595,47.0141025349701],[-88.9703483453394,47.002894872573],[-88.9892711295976,46.9968882609227],[-89.0077856322154,46.9942688312194],[-89.0241842458343,46.9954456116197],[-89.037819905103,46.9997619075975],[-89.0609906759496,46.9892052085534],[-89.0877010579459,46.9850246892118],[-89.1058043931841,46.9862211792393],[-89.118127642621,46.9940051506276],[-89.1281411672017,46.9926781905368],[-89.1423442848093,46.985008790232],[-89.1576356485845,46.9692976798104],[-89.1745623542006,46.9630309224903],[-89.1817909463109,46.9520058369667],[-89.2026259646342,46.9304045006073],[-89.2303074070642,46.9115825293602],[-89.2566740038294,46.9020264378075],[-89.2835511575581,46.8898661695515],[-89.2918963471802,46.8889297018666],[-89.3093934674371,46.8804450130265],[-89.3260734677503,46.8762259660984],[-89.3485602200114,46.8641369590285],[-89.3880153367511,46.8530745931423],[-89.4228892280523,46.841764556188],[-89.43807070431,46.839324063876],[-89.474151375587,46.8372694299025],[-89.5139760499856,46.8416836805952],[-89.5207866257649,46.8389448794348],[-89.557688724205,46.8340607956987],[-89.5959458559558,46.8260711296067],[-89.6153666042576,46.8190274437685],[-89.6290359175197,46.8184600769306],[-89.6390745111685,46.8241203660995],[-89.6667644594618,46.8326093506961],[-89.6869330555293,46.8307353552907],[-89.7153609950211,46.8308779211868],[-89.7862925447766,46.8192076146893],[-89.8348860048503,46.8033204586117],[-89.8680190818087,46.7816891118336],[-89.9183702960655,46.7402793634087],[-89.9407418692708,46.7261528065913],[-89.9778973286878,46.708552734304],[-89.9966360936672,46.6927882001197],[-90.0294993826962,46.6738781255155],[-90.0516732881048,46.6663627015534],[-90.0850575767609,46.6585111553841],[-90.1212454133257,46.6515558139721],[-90.1612657614231,46.6462272581335],[-90.2017132612158,46.6357631808642],[-90.2366407941686,46.6246211672428],[-90.2633028725599,46.6194045470741],[-90.3012739639336,46.604611349422],[-90.3094447192417,46.6028504655648],[-90.329995121162,46.6088894172083],[-90.3829546088479,46.5844895340636],[-90.4173315119457,46.5657574011368],[-90.413920285529,46.556307083809],[-90.3998735924978,46.5443855162538],[-90.3950921505919,46.5358445501842],[-90.3865576086681,46.5336657639269],[-90.3669263587906,46.5411666313726],[-90.3496692438033,46.5376536099532],[-90.3461714171027,46.5496891408416],[-90.3365443484929,46.5542357302976],[-90.3269245007343,46.5462715580141],[-90.3105782344718,46.5394631208991],[-90.3168151683845,46.5170298864744],[-90.2943358230254,46.51980056265],[-90.275473962528,46.5181927015152],[-90.2646289575116,46.5068501350724],[-90.246367808223,46.5048140937104],[-90.2296961182874,46.5084098664154],[-90.2153720467807,46.5000391775544],[-90.2023562856756,46.4765938782506],[-90.1929842746596,46.472285359616],[-90.1912264733537,46.4602290550995],[-90.1783265919934,46.4575040745794],[-90.178531196134,46.4405248887271],[-90.1630937689587,46.4347410280774],[-90.1572425269394,46.4213229708829],[-90.1583595350403,46.4118491379521],[-90.1398717151772,46.3855651675169],[-90.134663824636,46.3735466929394],[-90.1186425682802,46.3594604738784],[-90.1216949787341,46.3467199924738],[-90.1169774185019,46.3363623704323],[-89.8597727168787,46.2864759266215],[-89.5424351774899,46.2254877612766],[-89.091814770555,46.1383492961594],[-88.8510784181325,46.0404662352434],[-88.8443041458248,46.0331396033427],[-88.8058005163731,46.0214539723652],[-88.7874403393346,46.0287834426067],[-88.7825076509547,46.0161386298127],[-88.7606507816502,46.0196503232141],[-88.7396712783333,46.0274231348071],[-88.7212610007477,46.0222213416351],[-88.7183140723207,46.0131817971101],[-88.7060674825025,46.0179742825421],[-88.678867809939,46.0135946087126],[-88.6712151935753,46.0048587270957],[-88.6629711690319,45.9874605984485],[-88.6586045557017,45.9892962962795],[-88.6360278385025,45.9851399120475],[-88.6169537917821,45.9877413900762],[-88.6038978771754,46.0164810501439],[-88.5971210471973,46.0171308460518],[-88.5882773713048,46.0050914402389],[-88.5651266773412,46.0157291750175],[-88.5399423558707,46.0142388455878],[-88.530804231533,46.020458161605],[-88.5074800479499,46.0185160824096],[-88.4979745322177,45.9957973670431],[-88.4799800258909,45.9917532154915],[-88.4710948028576,46.0008861102927],[-88.4543188485319,45.9976555495448],[-88.4234930819067,45.9820718873405],[-88.4108069188578,45.9793824735894],[-88.3889569759526,45.9825152322723],[-88.3808905253505,45.991812537905],[-88.3598696663953,45.9820319874133],[-88.3281663154924,45.9642018314309],[-88.3013781352425,45.9564590676945],[-88.2917321458459,45.9511610966248],[-88.2853141009625,45.9552620530655],[-88.2689113372359,45.9564546018652],[-88.2550111408913,45.9635950542918],[-88.2371232411546,45.9483051389153],[-88.224258691322,45.9486367887502],[-88.2022402163848,45.9449848502875],[-88.197126091709,45.95321283576],[-88.1778332029616,45.947128161208],[-88.1737628871523,45.9413290767063],[-88.1611816907359,45.9405800218883],[-88.1264194592691,45.9256081656753],[-88.1219152757961,45.9207857123107],[-88.1024612008074,45.9215464964932],[-88.0951931953735,45.9161080933222],[-88.1057104733062,45.9052047741778],[-88.1017554706453,45.8831914962037],[-88.0806447729572,45.8797698327283],[-88.070483128875,45.8743290806184],[-88.0877194275282,45.856949559646],[-88.1324560445975,45.8241563995984],[-88.1362119208315,45.8187354385219],[-88.1286799739589,45.8088612777199],[-88.1087449255314,45.8036109990278],[-88.1032127079576,45.7912553066547],[-88.0947540877717,45.7857551447898],[-88.0792791357879,45.7849255185644],[-88.071386402962,45.7799927369141],[-88.0504092060185,45.7811025643437],[-88.0395422439805,45.7895654336249],[-88.0263889731779,45.7891735486677],[-87.9934989421454,45.7956380383769],[-87.9881859129505,45.7938774739248],[-87.9808673119839,45.7762094017933],[-87.9602908492381,45.7573830266318],[-87.9422435879733,45.7576318039683],[-87.944313267582,45.8225569551505],[-87.9446816138804,45.8989274141289],[-87.9920784321271,45.8991360165807],[-87.9914463573713,45.9308926614552],[-87.9924232957572,45.9691802129607],[-87.9920932834038,46.0290841415464],[-87.9924199264488,46.1599055557448],[-87.8670834416996,46.1598636174171],[-87.8665548740144,46.2468420099705],[-88.117406546293,46.2466175042589],[-88.1165709034744,46.4199508868406],[-88.4716599899385,46.4198947967285],[-88.6793919291279,46.4201392337151],[-88.678826319202,46.5499953712754],[-88.6789196476921,46.6374225145912],[-88.6784272247144,46.7226532793732],[-88.6760717110675,46.7300555389353],[-88.6787088379732,46.7647885782196],[-88.6789826587732,46.8518222204391],[-88.551943072924,46.8517945353476],[-88.5521849317087,46.9385331225621],[-88.4511999819836,46.9389759003589]]],[[[-88.4225989858337,48.1902131569344],[-88.4423421793674,48.1852947712732],[-88.4588140564911,48.1765556436905],[-88.4782480233072,48.1697207357132],[-88.5074506082535,48.152932738205],[-88.51975880641,48.1479003209606],[-88.5300239626204,48.1567295811234],[-88.5497645590321,48.1552713063284],[-88.5515882016405,48.1480548079558],[-88.5633326200628,48.1488280197625],[-88.6146055649829,48.1364058660822],[-88.6449998499882,48.1242012835533],[-88.6512087213164,48.1315695661406],[-88.6579820149755,48.1230482290306],[-88.6796370170159,48.1173112741821],[-88.716648051312,48.1015475330048],[-88.7613428900448,48.0864255745301],[-88.7720791984764,48.0792964386232],[-88.7723410903338,48.070072435513],[-88.8100701843596,48.0555726982524],[-88.823817049288,48.0542672119818],[-88.8268385549462,48.0491658303923],[-88.8438782081618,48.0454338967578],[-88.8672411258146,48.0449893799692],[-88.892661237448,48.0350533369767],[-88.8954603053982,48.0286659201891],[-88.9254512627364,48.0204874259511],[-88.9294241986558,48.022116740388],[-88.9511336095021,48.0137932124377],[-88.9930878504591,48.0027425104002],[-89.0210882600187,47.9908151310789],[-89.0286483163998,47.9899665741942],[-89.070155090331,47.9766879041573],[-89.1091725624494,47.9629643897584],[-89.1380924451121,47.9505551871415],[-89.1779666484184,47.9357067606242],[-89.1997126992422,47.9235173408737],[-89.2007552347211,47.9188826732917],[-89.2195170487511,47.911722828749],[-89.2201602998638,47.892313742236],[-89.1795588242049,47.9059087779283],[-89.1640908186136,47.9180312180541],[-89.160902906122,47.9081908599442],[-89.1747060316749,47.9003953554276],[-89.1921869515318,47.8972815222654],[-89.2121905582995,47.8886866188475],[-89.2014918798638,47.8808870442982],[-89.2217268652931,47.869011667446],[-89.2337105194127,47.8516908039306],[-89.2084390383523,47.8515235452088],[-89.1977251223518,47.8477521463188],[-89.1924581428542,47.8331126361054],[-89.1797655995059,47.8310268438494],[-89.169544032968,47.8249216402046],[-89.1582628456167,47.8236424008972],[-89.1439394497145,47.8279706356238],[-89.1232710104483,47.8284775136188],[-89.0848242748155,47.8438825713545],[-89.0428604009976,47.8560961899236],[-89.0170367177077,47.860456187727],[-88.9761722222417,47.8736889924741],[-88.9505107324687,47.8794867197469],[-88.9120574429554,47.8914102796273],[-88.904058959277,47.9016603878164],[-88.9551593223915,47.8908716006491],[-88.977378098143,47.8952209231538],[-89.0010023097704,47.8906192494568],[-89.0031343690638,47.9086636262317],[-88.9649408657074,47.9216660154448],[-88.948085638502,47.9291885999516],[-88.9364677918028,47.9389862434817],[-88.8989648905377,47.953505345707],[-88.8894214185942,47.9516192092987],[-88.8669671139917,47.9616914278618],[-88.8536350370262,47.9652037998528],[-88.8456168467961,47.9736891431496],[-88.8291014454849,47.9805786714663],[-88.8035365516698,47.9851374115441],[-88.7641933040205,47.9837490102072],[-88.7407956579155,47.99112629966],[-88.7201631211938,47.9945925164316],[-88.6940593852888,48.0027764225382],[-88.6614664288023,48.0153285040791],[-88.6364760459097,48.0295408472695],[-88.6076338016331,48.0419115875325],[-88.5860863681323,48.0541050869658],[-88.5752369963992,48.0630512081745],[-88.5732383445092,48.0731354287089],[-88.5816262783396,48.0906446616268],[-88.6170845801072,48.0758065912934],[-88.6264877874599,48.0623483096998],[-88.6438113241052,48.0602260722942],[-88.6443487398333,48.06607933444],[-88.633502182851,48.0738910327129],[-88.6215265402653,48.077739883309],[-88.5440754616924,48.1136147654967],[-88.5203314096047,48.1295943225943],[-88.5104106115179,48.1330879900068],[-88.511648017508,48.141348845945],[-88.4795790221495,48.1550485101617],[-88.4543662349325,48.1722336530532],[-88.4225989858337,48.1902131569344]]]]},"properties":{"OBJECTID":81,"District":"110","Name": "Gregory Markkanen","Layout":"Portrait","Shape__Area":14324580018.382416,"Shape__Length":1479673.809706491,"MGFVersion":"V24"}},
{"type":"Feature","geometry":{"type":"Polygon","coordinates":[[[-83.3089992082223,42.2682296193233],[-83.3093108982229,42.2755046880627],[-83.2897756504703,42.275896005766],[-83.2911075640745,42.3120496661229],[-83.310867013711,42.3117091024558],[-83.3121801555992,42.340636359784],[-83.3363279271082,42.3398850693626],[-83.3449196297576,42.3365606253868],[-83.365508352539,42.3393378809378],[-83.3648408641055,42.3249240128759],[-83.3794060388647,42.3232758965347],[-83.374080939368,42.3101662490671],[-83.3886693859202,42.3099621023733],[-83.3881340070014,42.2955439252922],[-83.3780416076791,42.2884903843985],[-83.3489388920428,42.2891855141721],[-83.3480945965516,42.2674631159883],[-83.4265341917954,42.2653512061341],[-83.4239749569798,42.2080778676834],[-83.3811410002203,42.2086609992448],[-83.3813052487189,42.2146255828416],[-83.3693901462454,42.2307439372853],[-83.3279355309676,42.2422124731425],[-83.3082833729721,42.2471016323621],[-83.3089992082223,42.2682296193233]]]},"properties":{"OBJECTID":82,"District":"026","Name": "Dylan Wegela","Layout":"Portrait","Shape__Area":87958280.52431488,"Shape__Length":57970.578385947425,"MGFVersion":"V24"}},
{"type":"Feature","geometry":{"type":"Polygon","coordinates":[[[-83.6827746236152,42.6955494378606],[-83.7026670793014,42.6948701606049],[-83.7027999875892,42.7009239986546],[-83.713278999649,42.7091269987624],[-83.712776006827,42.7239404417144],[-83.7340449998682,42.722858999483],[-83.7540130001788,42.7374029987573],[-83.7685200120633,42.7369430002299],[-83.7674520789303,42.7222983820758],[-83.772648999947,42.7146999993905],[-83.7860029998326,42.7072139993892],[-83.794494999466,42.7167279987458],[-83.8017818525509,42.7167090000127],[-83.8054175124114,42.7811384372039],[-83.8839752423552,42.7816899606355],[-84.0007725806131,42.7791051987722],[-84.1581892528399,42.7766394085169],[-84.1519660384425,42.7107308344999],[-84.1417176347825,42.546285420239],[-84.1406009139306,42.5083944666392],[-84.1407131995943,42.4246114291216],[-84.0415786418473,42.4239350102098],[-83.9446499492669,42.4241494098269],[-83.9454998474099,42.4386913786438],[-83.9557180346222,42.4482201912389],[-83.955305482774,42.4639972294923],[-83.9319403998562,42.4644968775809],[-83.9273677217683,42.4592960137917],[-83.9081021040226,42.4608852883945],[-83.9128472545538,42.5397657628082],[-83.9140720399191,42.5847809774428],[-83.9121405710122,42.6002871264429],[-83.7958777081213,42.6021183097563],[-83.7492842801666,42.6032309536287],[-83.6771108321944,42.6062471001974],[-83.6827746236152,42.6955494378606]]]},"properties":{"OBJECTID":83,"District":"050","Name": "Jason Woolford","Layout":"Portrait","Shape__Area":1046957504.4430847,"Shape__Length":171893.61203647498,"MGFVersion":"V24"}},
{"type":"Feature","geometry":{"type":"Polygon","coordinates":[[[-83.44331113154,42.6441667736055],[-83.4468216657257,42.7018715039547],[-83.5129736763851,42.7004660569741],[-83.5177694051643,42.7148570704792],[-83.5259405818158,42.7146541770912],[-83.5269090002445,42.7364529986973],[-83.5063523029258,42.7585629506633],[-83.5315554538407,42.7791277649188],[-83.5378706984617,42.7872861951649],[-83.5682577849827,42.7859963013981],[-83.5658200679408,42.699028003532],[-83.6827746236152,42.6955494378606],[-83.6771108321944,42.6062471001974],[-83.6709073883875,42.5197369126299],[-83.5567792312765,42.5239099744113],[-83.5586280181315,42.5528385542982],[-83.5280035782242,42.5535909137015],[-83.5038610056814,42.5615600246522],[-83.5029979518989,42.5471586195977],[-83.4779888853545,42.5443544602553],[-83.4739704146975,42.5588260720167],[-83.479481312246,42.5695322480336],[-83.4810587386851,42.5912622275321],[-83.4912378312102,42.5980379924585],[-83.5111141235581,42.5976509357122],[-83.5112920000526,42.6089899994517],[-83.5178439247651,42.6126323038953],[-83.4418546041822,42.6147404563023],[-83.44331113154,42.6441667736055]]]},"properties":{"OBJECTID":84,"District":"051","Name": "Matt Maddock","Layout":"Portrait","Shape__Area":356598960.1609192,"Shape__Length":111085.1546958697,"MGFVersion":"V24"}},
{"type":"Feature","geometry":{"type":"Polygon","coordinates":[[[-83.2782937948509,42.6106342425752],[-83.2671403701267,42.6148024268014],[-83.2525945996551,42.6038279668364],[-83.2478785137716,42.6044449085422],[-83.2512669790825,42.6777946870658],[-83.2410343645441,42.6886940499883],[-83.2426774646086,42.7087315310489],[-83.32884715074,42.7059880069699],[-83.3287552309565,42.7015921116174],[-83.3067669362587,42.6990904517961],[-83.3030344046844,42.6849438965179],[-83.3278741415151,42.6838843154818],[-83.3270872907855,42.6618853903945],[-83.3467213587751,42.6611286038239],[-83.3513170669259,42.6539904400569],[-83.3717387251122,42.6549108529541],[-83.3690735824615,42.6389630816382],[-83.4066880001635,42.6380099993756],[-83.4055751921191,42.6525704307166],[-83.4253128460129,42.6519990852491],[-83.4249003685727,42.6447096486358],[-83.44331113154,42.6441667736055],[-83.4418546041822,42.6147404563023],[-83.3396810409284,42.6179568064824],[-83.3401219239488,42.6256679379943],[-83.325213835428,42.62574722264],[-83.324886746541,42.6183240770555],[-83.3104994234916,42.6185092458148],[-83.2954937422634,42.6093042617145],[-83.2782937948509,42.6106342425752]]]},"properties":{"OBJECTID":85,"District":"053","Name": "Brenda Carter","Layout":"Landscape","Shape__Area":99146537.18945312,"Shape__Length":71246.53851023066,"MGFVersion":"V24"}},
{"type":"Feature","geometry":{"type":"Polygon","coordinates":[[[-86.0389530620335,43.2935187666776],[-86.1437785984368,43.2943509668095],[-86.1449135762626,43.2050054137915],[-86.2052000449059,43.2050134932225],[-86.2051969846152,43.1901819992843],[-86.206015501138,43.1323214164551],[-86.2052570333275,43.1177626630849],[-86.1461657656552,43.1173951847194],[-86.0270267781174,43.1182716734458],[-86.0268651876137,43.0326581087158],[-86.0230739942895,42.9471921744293],[-86.0203190988171,42.8560742677678],[-85.9005714345518,42.856128834497],[-85.9038548187396,42.9576925058308],[-85.8761076790427,42.9579218280251],[-85.8627725969708,42.9460589607074],[-85.8374017966095,42.9440857442475],[-85.8142899484927,42.9481197806086],[-85.7991994184528,42.9377175623497],[-85.8014086827479,42.9291675837934],[-85.7923438981076,42.9162365512298],[-85.7821808119279,42.9117472892523],[-85.7852761313609,42.9869105745159],[-85.7885028751645,43.0308774447663],[-85.7879917792145,43.0517208418313],[-85.7906615171333,43.2051665882721],[-85.7508849557027,43.2049344450358],[-85.741293580693,43.2122624306258],[-85.7415952848198,43.2268026650645],[-85.7513294563024,43.2267746671677],[-85.7521574672919,43.2932296583745],[-85.8575216159551,43.2929246537751],[-86.0389530620335,43.2935187666776]]]},"properties":{"OBJECTID":86,"District":"089","Name": "Luke Meerman","Layout":"Portrait","Shape__Area":1111624085.3637848,"Shape__Length":181873.57092447524,"MGFVersion":"V24"}},
{"type":"Feature","geometry":{"type":"MultiPolygon","coordinates":[[[[-86.7716788039127,45.5107171671144],[-86.7808738675222,45.510208677865],[-86.7844813247234,45.4991439259526],[-86.7802985161624,45.4889435101968],[-86.7650718578779,45.4794565957976],[-86.7580894741132,45.4792850192925],[-86.7569959827013,45.5020615332308],[-86.7716788039127,45.5107171671144]]],[[[-86.6502920905686,45.5833124901105],[-86.6609375458106,45.5787190195685],[-86.650081843651,45.5448725625751],[-86.6432809859059,45.5426758571141],[-86.6288266838427,45.547868406608],[-86.6225128354134,45.5638606884501],[-86.6502920905686,45.5833124901105]]],[[[-86.6922877030541,45.6171109276023],[-86.7033007334818,45.6048151394451],[-86.6886806763548,45.595284189745],[-86.685700834253,45.6142302317282],[-86.6922877030541,45.6171109276023]]],[[[-84.4893121169529,46.4385736844756],[-84.4982255960693,46.4464447174507],[-84.5107770558359,46.4331648483925],[-84.5232798803358,46.4329015978734],[-84.5522664602874,46.4181644966597],[-84.5746086347523,46.413491987174],[-84.5977584586844,46.4152234940491],[-84.6040704622825,46.4353724935354],[-84.5952437282291,46.4431978454445],[-84.5978244625924,46.4510804951244],[-84.6078232076228,46.4566953662346],[-84.6215482213375,46.4781925116298],[-84.6308129815269,46.4850046951495],[-84.6531508062193,46.4823699984745],[-84.6786845774568,46.4878398557633],[-84.7280666940611,46.4666049936255],[-84.7865843981186,46.4491488943125],[-84.8167630739284,46.444299658787],[-84.83926210068,46.4462924137361],[-84.8539954890687,46.464604749595],[-84.8617040426484,46.4701680493648],[-84.8770272921977,46.4667314505152],[-84.9027407576155,46.4658606258897],[-84.9185359430692,46.4686773402792],[-84.9354536299366,46.4821607249398],[-84.9467589869433,46.4879567794604],[-84.9643124264248,46.4767865988799],[-85.0129511268404,46.4794483265427],[-85.0344295642808,46.4883745725074],[-85.0489964004605,46.5029624382866],[-85.0540576123187,46.5120744574681],[-85.0562568698688,46.5267978688502],[-85.0419332912424,46.5397205349212],[-85.0272851674633,46.5434252882121],[-85.0283252117643,46.5590273124561],[-85.0348573787721,46.57901018379],[-85.0369250008188,46.6068945046628],[-85.0330506356361,46.6468656977567],[-85.0277513482153,46.6775821851203],[-85.0268591188658,46.6993308030762],[-85.0154333156215,46.7190688596616],[-85.0064179563069,46.7293796193414],[-84.9848371031951,46.7474998362475],[-84.953296600237,46.7679149435157],[-84.9706491158467,46.7733644169187],[-84.9974040908517,46.7713170904043],[-85.0296705700728,46.7616447947967],[-85.0629073820877,46.7580319570028],[-85.1110471106237,46.7594121982669],[-85.153781450833,46.7650132173645],[-85.1786758468678,46.7634321692204],[-85.2182527209775,46.7565959440866],[-85.2614962118726,46.7517399766078],[-85.3077517710756,46.7388487698658],[-85.3612401196567,46.7168002830098],[-85.4082737169944,46.7026082353857],[-85.4360058649354,46.6953930506146],[-85.4833249835533,46.6801903147902],[-85.5008946536573,46.6764407059816],[-85.5236420905389,46.6746309913268],[-85.5766673012094,46.6739396437129],[-85.6160933192803,46.6780484527217],[-85.6557640040801,46.6801987856087],[-85.6888905918889,46.6794210320496],[-85.711884122165,46.6771026340888],[-85.7539026619903,46.6774440841666],[-85.7984650857621,46.6815245656762],[-85.8383601888441,46.6885873452493],[-85.8645575873162,46.6899214838861],[-85.8642703517811,46.6061902708078],[-85.8649322631849,46.5047580866381],[-85.9067964219302,46.5046209721498],[-86.1151873070626,46.5055296360455],[-86.1782821787957,46.5051040324482],[-86.3649534531621,46.505852135078],[-86.3654834587043,46.3901797682565],[-86.3649836671403,46.331927231945],[-86.6153971690269,46.3332634548945],[-86.6151439567083,46.2313254368923],[-86.6156010538278,46.1586906902977],[-86.7822667276262,46.158801724336],[-86.8658383801581,46.1584608143942],[-86.9283005687515,46.1588668107808],[-87.2414995607241,46.1590943347177],[-87.2428646660127,45.9851037445211],[-87.617084424938,45.9860059301714],[-87.6173894143638,45.8988377935673],[-87.6969458094569,45.8988417234672],[-87.6969313121228,45.8396416742991],[-87.6978215639193,45.7951764123672],[-87.6971587384212,45.7229516037449],[-87.8464188018242,45.7226348553052],[-87.8373924451899,45.7168798872352],[-87.813336673185,45.7116741033852],[-87.8052779204509,45.7065723846677],[-87.8044625917806,45.695431417292],[-87.7847514860458,45.6853652804289],[-87.7823938448172,45.672963749303],[-87.797720968484,45.6708757188847],[-87.8029093124008,45.6665991723274],[-87.8239851577014,45.662665492769],[-87.8244636409476,45.6474657959894],[-87.8103941153193,45.6391467527566],[-87.8049692555143,45.6294741260972],[-87.7919164806381,45.6168058536471],[-87.7818046214096,45.6151208471709],[-87.7744894342963,45.6015442529944],[-87.777426721006,45.5880722498427],[-87.7846689214419,45.5843269232396],[-87.7884157770252,45.566604422779],[-87.7979030903247,45.5620959774393],[-87.8286899700708,45.5687071371041],[-87.832292714085,45.5587887582573],[-87.8069983267296,45.543582895463],[-87.8020133979818,45.5130577283661],[-87.7926704972377,45.4996125161235],[-87.8058369374373,45.4732645598616],[-87.8132618239199,45.4633366138456],[-87.8326005704783,45.4561414640148],[-87.8561222282186,45.4408625663394],[-87.8622081059444,45.4337025731084],[-87.8607549575167,45.4241715900184],[-87.8498606727788,45.4099140456694],[-87.8580546707821,45.399745552184],[-87.8609079331008,45.3868869967973],[-87.8757415095956,45.3778683419185],[-87.8715525693613,45.3715513672245],[-87.8873899651979,45.3598807975676],[-87.8783321446748,45.352103836032],[-87.8639458482065,45.3534560508135],[-87.8523518961227,45.3492069161443],[-87.84999982423,45.3404788083673],[-87.8356491628253,45.3508909222097],[-87.7983567426935,45.3538486354216],[-87.7811524553353,45.3497501353572],[-87.7539396761627,45.3493646275362],[-87.7509439644921,45.3550266050472],[-87.7369612231806,45.360858797887],[-87.7187182032768,45.3787900752026],[-87.7094872634605,45.3806725905093],[-87.6993792391938,45.3891006052994],[-87.6875422421389,45.3893675183643],[-87.6738691700995,45.3773501914864],[-87.6590118691918,45.3699344692095],[-87.6479358985387,45.3410057217079],[-87.6620667107589,45.3272198558714],[-87.6617036518866,45.3211014795487],[-87.6872721441652,45.2984785363146],[-87.6978913599568,45.2823675875203],[-87.6983840960213,45.2713042054931],[-87.7103220629063,45.2593408024517],[-87.7125118652883,45.2388653957314],[-87.7178938530662,45.2386654999529],[-87.7272220152901,45.2175262087437],[-87.7283558293484,45.207799588291],[-87.741845085444,45.1978151292619],[-87.7352687090615,45.1776780718067],[-87.7247190229109,45.167530126107],[-87.7033044061026,45.1520640657607],[-87.6911420527145,45.1489743360035],[-87.6758355050045,45.1351303055762],[-87.6785102600505,45.1309913752555],[-87.6613820984875,45.1090257240731],[-87.6282439422646,45.1035009840375],[-87.5983230280223,45.0960431891775],[-87.5999986363838,45.1028860783798],[-87.6117799207899,45.1179509383569],[-87.6074636388862,45.1354026164556],[-87.5984834045544,45.1408977041301],[-87.6003519075633,45.1500644566088],[-87.586182214781,45.158117647454],[-87.5849024578024,45.1674495044896],[-87.5735395600249,45.1715456484799],[-87.5630996003409,45.1843644611194],[-87.5444756695262,45.1938486779213],[-87.5354788079245,45.2038339342985],[-87.5116264429306,45.2218870217995],[-87.5100193388348,45.2276248133793],[-87.4877123741651,45.2499838163502],[-87.4687893384722,45.2659100527975],[-87.4601804502338,45.2781566137662],[-87.4362889065866,45.2951262384975],[-87.4367452259694,45.3069347253683],[-87.4302325813632,45.31875792358],[-87.4093840111545,45.331125604073],[-87.4100356761476,45.3409631327699],[-87.3931288933325,45.3548915105464],[-87.3937462029124,45.3674624026782],[-87.3744361882935,45.3790874595614],[-87.3641834043023,45.3889399442737],[-87.3593453373729,45.4032017710699],[-87.3369052691916,45.4146963845478],[-87.3259082735275,45.4302268699952],[-87.3331928190311,45.4362824800759],[-87.3321532389146,45.4491767622605],[-87.3250544037971,45.4531410870236],[-87.3199338719454,45.4648194348712],[-87.3086100158595,45.4711542047778],[-87.3056920775427,45.4822115438642],[-87.2892607280297,45.5003986826952],[-87.2725031470713,45.5330607386916],[-87.2654785435273,45.5398492017091],[-87.2636696626837,45.551287648366],[-87.2501905638069,45.5690352005645],[-87.2394855265719,45.5757412705248],[-87.2344614470891,45.588820086243],[-87.2273038729249,45.5942940128314],[-87.2133082795467,45.6152479023797],[-87.201038759398,45.6266088745882],[-87.1973304400698,45.638333576492],[-87.1815536994183,45.648168109786],[-87.1718503601174,45.6621005124604],[-87.1528623499868,45.6693765989012],[-87.1272966332143,45.682399085229],[-87.1000261949551,45.6872236105674],[-87.1000269353378,45.6980747533819],[-87.0882628948369,45.7028953485455],[-87.0615969368227,45.7080335000043],[-87.07333665543,45.7166712722663],[-87.061562067277,45.732502202132],[-87.0457375557686,45.7434568513984],[-87.0643022663437,45.7558694170469],[-87.0587502497235,45.7954404891177],[-87.0576864375451,45.8124943072866],[-87.0527411623814,45.8217495934227],[-87.0398531508225,45.8345147362221],[-87.0167928895287,45.8394865883031],[-87.0027644802377,45.845592255],[-87.0219966876085,45.8609247692458],[-87.0029209552693,45.873187789192],[-86.9900323999139,45.8907837015658],[-86.9834282036771,45.9046237052486],[-86.9735967724828,45.915773313449],[-86.9649012907118,45.9164579275471],[-86.9536657867348,45.9078817800647],[-86.9464583683834,45.9143869064434],[-86.9465559747451,45.8869395394402],[-86.9486404744659,45.8753108933096],[-86.9655080107908,45.8637409677599],[-86.9711143106908,45.8541687321077],[-86.9826138495716,45.8465817825401],[-86.9861918935864,45.8376091197945],[-87.005547924525,45.8323582339069],[-86.999328691973,45.8171809669408],[-86.9893965965543,45.8118092697706],[-86.986866204409,45.7966471228691],[-86.980837337592,45.7866050314805],[-86.9839516925573,45.777082834987],[-86.9806940527494,45.7602564542622],[-86.9746907571382,45.7534959596623],[-86.9847011193094,45.7058677754824],[-86.9818049967551,45.6966693407609],[-86.9709132164607,45.6927273006013],[-86.9671722466586,45.6846387944914],[-86.9521270543061,45.6849833640349],[-86.9432477908849,45.7017169348834],[-86.9237814560665,45.7025760590539],[-86.9188403566543,45.6960936016534],[-86.9029272337953,45.7092066054598],[-86.8937916651534,45.711259704702],[-86.8715885976426,45.709230199322],[-86.8616162556292,45.7152420358581],[-86.8427514173941,45.7196090751987],[-86.8428315573231,45.741833119708],[-86.8237192651158,45.7548108524634],[-86.8233471474749,45.7671516581109],[-86.8056954995548,45.7792948601248],[-86.8085682043759,45.7929107116843],[-86.7841650062134,45.7945243071405],[-86.773025757718,45.8123207100926],[-86.7776068679137,45.827807638947],[-86.7865117867074,45.8316963746813],[-86.7825057492347,45.8409610692275],[-86.7821206726117,45.8606904400258],[-86.7590642918102,45.8673693938234],[-86.742823167186,45.8649868309671],[-86.7318630117003,45.8490082109465],[-86.7202997174706,45.8445940204635],[-86.6493646516215,45.8352931024352],[-86.6417189643745,45.8436920642437],[-86.6316498899005,45.847766252208],[-86.6333881378002,45.8598748560045],[-86.6252448365509,45.869555434946],[-86.6145292662403,45.8755721777855],[-86.5990391486451,45.8764916960112],[-86.5835772375012,45.8983174497271],[-86.5742326915952,45.9017331323997],[-86.5590286636964,45.8991298049599],[-86.5397001721299,45.8892500504517],[-86.5292433461123,45.8733008274471],[-86.5274726818663,45.8533180852929],[-86.539109178946,45.8388687627342],[-86.5547606436503,45.8328310924131],[-86.559377797945,45.8195544240763],[-86.5560472394896,45.8124811056569],[-86.5625947784349,45.8048707635006],[-86.5727930876462,45.8048650734932],[-86.581825941918,45.7940466118265],[-86.5701569680925,45.7870135566576],[-86.5558766332609,45.7730932298175],[-86.5605423551978,45.7688269190688],[-86.5725222172341,45.7707981255294],[-86.5859599923784,45.7787531460346],[-86.5982737889767,45.7715458874517],[-86.6181323968857,45.7836408548418],[-86.6292933373748,45.7829808793679],[-86.6269690198972,45.7694989367931],[-86.6201753272393,45.7619004968784],[-86.6311968318901,45.7564120812739],[-86.6354477011154,45.7448444777714],[-86.6436588957704,45.7399713648558],[-86.6473346940974,45.7294463259804],[-86.6617756352139,45.7296490525266],[-86.6698634261236,45.7115723749138],[-86.6648757832543,45.7040272473806],[-86.6736223675608,45.6936557075159],[-86.6870624951095,45.6880715025315],[-86.7010117071331,45.6910338464557],[-86.7101602537568,45.68898789213],[-86.7184238856494,45.6782000702184],[-86.712567730571,45.658663410062],[-86.6945757013131,45.6542283125321],[-86.6954354130473,45.6474429820509],[-86.6871030891852,45.6339700646662],[-86.6665983656047,45.6220681862599],[-86.6503485673128,45.6162289748921],[-86.6323373100368,45.6180589938888],[-86.6168101402914,45.606257581037],[-86.6066880911924,45.6029794181288],[-86.6227188822156,45.6346952096232],[-86.6282027673841,45.6599462437254],[-86.6223383303811,45.6659988853525],[-86.6086376276124,45.6698756193719],[-86.5917528709263,45.665370460938],[-86.592021150242,45.6790264642702],[-86.5824083182987,45.685135784674],[-86.5859457459033,45.70457976367],[-86.5713872060804,45.7161821208673],[-86.5490327431778,45.7131041488846],[-86.5418961982436,45.7081820297617],[-86.5331506613769,45.7110834769904],[-86.5343850408455,45.7264236320836],[-86.523103366636,45.7313218325376],[-86.5337634157859,45.7389637391445],[-86.5354277297583,45.7468496595958],[-86.5043067066702,45.7531223281118],[-86.4866436199317,45.7462637586429],[-86.4813706329613,45.7591763451022],[-86.4738456425384,45.7644805607541],[-86.464140300202,45.7575385816791],[-86.4531294069535,45.7557609058184],[-86.4473350920088,45.7646484444058],[-86.436106951608,45.7606534211715],[-86.4247781434812,45.7893551899623],[-86.4083155002472,45.7953607230994],[-86.3905148891542,45.7957568963186],[-86.3705709814388,45.7868337001179],[-86.3518761443416,45.7980351758018],[-86.3529785887657,45.8137388167796],[-86.345680344331,45.8211109433402],[-86.3494876475716,45.8317962095683],[-86.3393399801796,45.8482454504962],[-86.3272037433824,45.8549298099117],[-86.3350563056987,45.8641895024481],[-86.3282472613336,45.8805554147791],[-86.325089718755,45.9057692109929],[-86.3102895086786,45.9195291399174],[-86.2860214396184,45.9258034561616],[-86.2775246501715,45.9333020687501],[-86.2764161728888,45.9432878723544],[-86.2538783530139,45.9492771497078],[-86.2301638685672,45.9473605230981],[-86.2195706588447,45.9596395989974],[-86.1990930660667,45.9634424157962],[-86.1727570660919,45.958014276865],[-86.162818259904,45.9539946535166],[-86.1377867344738,45.9566520956269],[-86.1257049130508,45.9644118068016],[-86.09353181661,45.9667348276596],[-86.0683776825233,45.9651016055463],[-86.0461917242445,45.9614200023468],[-86.0014543941573,45.9516828016794],[-85.9543459771863,45.9374941673921],[-85.9439370685179,45.9293985455834],[-85.9261116689186,45.9322849729882],[-85.9205906952914,45.9506902046223],[-85.8930455884814,45.9670957508217],[-85.855561007671,45.9677376467909],[-85.8423528641534,45.9650825702115],[-85.8324451405522,45.9677251178289],[-85.8255244629669,45.9763387084702],[-85.8119143742503,45.9800352960368],[-85.7818593214954,45.9754870572217],[-85.7657772627113,45.9689311511729],[-85.7380402594555,45.9639947817127],[-85.7283258033902,45.9657849067123],[-85.6957791724802,45.958877581687],[-85.6863360134099,45.9651727770989],[-85.654396945446,45.9671006837898],[-85.6546283667071,45.9746000695966],[-85.6292737300181,45.9992212528085],[-85.617759398208,46.0055859359936],[-85.6119655097358,46.0169873579816],[-85.5917009460859,46.0382972898191],[-85.574067160868,46.0470273829079],[-85.5662091915713,46.0593134674979],[-85.5345588655816,46.0840670117739],[-85.5072131371132,46.0962469758824],[-85.4810068982873,46.0961479736803],[-85.4581083531233,46.0905881447908],[-85.4531023503888,46.0866938829542],[-85.440362703908,46.0917878479861],[-85.4272572612191,46.1020588305947],[-85.4095875306473,46.1008185631069],[-85.391202483703,46.0941510918339],[-85.3811508055608,46.0819646545774],[-85.3664461463856,46.083634044007],[-85.3600463603783,46.0911005819583],[-85.3446958054415,46.0934753814102],[-85.3264608313004,46.0905518662853],[-85.2971206803784,46.078206670238],[-85.2923526069934,46.0731106464906],[-85.2532207152025,46.0646940154342],[-85.2341690717671,46.0582313111068],[-85.22727757229,46.0607362987513],[-85.2102302939427,46.0575044652273],[-85.2035666067578,46.0523722090131],[-85.189923194684,46.0599636870754],[-85.1773528464827,46.0612217614689],[-85.1661735296058,46.0475208373149],[-85.1517959813197,46.0507120058048],[-85.1368152464829,46.0485372598081],[-85.1126453802685,46.0373366392707],[-85.1130630310198,46.0454577486503],[-85.112507852801,46.1582546125792],[-84.7586673250664,46.1579073552114],[-84.6966646941076,46.1574862335928],[-84.488254098261,46.1582879431449],[-84.4883984484865,46.2448953917618],[-84.3838984361138,46.2443052413427],[-84.3839528883586,46.2961830309079],[-84.3852135673023,46.375114266877],[-84.3640872618438,46.375559477538],[-84.3641676519261,46.4194764455238],[-84.4889488148374,46.418825099769],[-84.4893121169529,46.4385736844756]]]]},"properties":{"OBJECTID":87,"District":"108","Name": "David Prestin","Layout":"Landscape","Shape__Area":15219085314.566605,"Shape__Length":1332763.2152526472,"MGFVersion":"V24"}},
{"type":"Feature","geometry":{"type":"Polygon","coordinates":[[[-86.1350183986755,42.6815829348041],[-86.2114677344748,42.6813995583168],[-86.2178820135199,42.6594370767208],[-86.2291348750654,42.6357996574581],[-86.2261076593851,42.5909415898187],[-86.2344044125058,42.5684663956392],[-86.2446444241725,42.5177140981318],[-86.2470776117829,42.4909688706886],[-86.2622658165615,42.4417606280005],[-86.2838589293029,42.3975125794608],[-86.2960035054566,42.36130182816],[-86.322052607455,42.3100301917834],[-86.3497175129715,42.2641400256728],[-86.3694204408497,42.2366320774724],[-86.3881681621458,42.2137524904791],[-86.4185599489458,42.1810878574946],[-86.4587702470371,42.1413543439161],[-86.4805242160762,42.1216293440618],[-86.4881485228979,42.1106588136009],[-86.5000283060012,42.0865163626312],[-86.5168948572189,42.0590928294273],[-86.5560253166616,42.0012021256575],[-86.5693727970249,41.9688586321185],[-86.5842143025547,41.9388216088099],[-86.601096052467,41.9143867727219],[-86.6217810087089,41.8918272001424],[-86.6483704173127,41.8699982342331],[-86.6690089885399,41.8556958184981],[-86.6807946669938,41.8431753008943],[-86.7166500817292,41.8194755779844],[-86.7493118307634,41.8019045620621],[-86.7777063487464,41.7842394130192],[-86.8249020602305,41.7603056531835],[-86.6687527293243,41.7597109430263],[-86.6682363735198,41.8279535175451],[-86.5712281077407,41.8274825672526],[-86.5703987624799,41.899528729231],[-86.5138319929839,41.899308532659],[-86.5142816575918,41.9854538308795],[-86.4656767577467,41.9855840907677],[-86.4656006476701,42.0508006728714],[-86.4558215920292,42.0508655757508],[-86.448893919752,42.0616190384439],[-86.4364266705059,42.0587372155339],[-86.4364869229696,42.0725866468127],[-86.3393974403815,42.0722735672075],[-86.3403361095683,42.2429860327408],[-86.223562961423,42.2433789288976],[-86.2235885025624,42.3059608807895],[-86.2254997758015,42.4194007758168],[-86.1289570348056,42.4194386877921],[-86.1295972991846,42.5065247160205],[-86.1328747027174,42.5771939629121],[-86.1350183986755,42.6815829348041]]]},"properties":{"OBJECTID":88,"District":"038","Name": "Joey Andrews","Layout":"Portrait","Shape__Area":793986837.897068,"Shape__Length":290054.936207586,"MGFVersion":"V24"}},
{"type":"Feature","geometry":{"type":"Polygon","coordinates":[[[-83.1670743069024,42.2895714061015],[-83.1894799475893,42.295545881741],[-83.1991162815613,42.3009394342151],[-83.2177244229178,42.277213782915],[-83.2319108900302,42.2698786375048],[-83.2291966785911,42.2130779226187],[-83.2289077895097,42.205925183837],[-83.2286432902212,42.205877986611],[-83.2025250962383,42.2063381206951],[-83.1939714365406,42.213666011132],[-83.1806443522072,42.2137693970134],[-83.1810068097414,42.2229021743018],[-83.1684212850088,42.2235546664803],[-83.1556667112587,42.2342253083241],[-83.1609332099287,42.2362301978825],[-83.1589363231175,42.2529883932006],[-83.1699074493767,42.2645765264417],[-83.1582403248142,42.2788439769649],[-83.1670743069024,42.2895714061015]]]},"properties":{"OBJECTID":89,"District":"002","Name": "Tullio Liberati","Layout":"Portrait","Shape__Area":47402770.473869324,"Shape__Length":31619.913575925413,"MGFVersion":"V24"}},
{"type":"Feature","geometry":{"type":"Polygon","coordinates":[[[-84.7287551362643,44.1608594607167],[-84.8915944497869,44.1613923437086],[-85.1056897563668,44.1644998770016],[-85.2067235191806,44.1649188200842],[-85.334661692226,44.1648384514451],[-85.6143179171538,44.1650020388364],[-85.683855730537,44.1646246289813],[-85.6819155317598,43.9794439926045],[-85.6820999470237,43.8941496663011],[-85.6815878405605,43.8155685695158],[-85.5624392275624,43.8156342162103],[-85.5628871912759,43.7057141196917],[-85.5622494314369,43.6421124210662],[-85.5626498931029,43.5982529692192],[-85.5623916231449,43.4682472613136],[-85.5222500632485,43.4679346989274],[-85.3705666599314,43.4683079593617],[-85.2018152665998,43.4673610868285],[-85.0849957336074,43.4661896951004],[-85.0872866189873,43.726536073364],[-85.0888109951414,43.8136763878516],[-84.9295170760687,43.8137732444115],[-84.7284430738155,43.8149949435906],[-84.7275233369451,43.9017277210674],[-84.7275241315455,43.9883435571775],[-84.7290415389089,44.147957000787],[-84.7287551362643,44.1608594607167]]]},"properties":{"OBJECTID":90,"District":"100","Name": "Tom Kunse","Layout":"Portrait","Shape__Area":4447484263.360092,"Shape__Length":307980.2409392667,"MGFVersion":"V24"}},
{"type":"Feature","geometry":{"type":"Polygon","coordinates":[[[-83.0954364225446,42.7124908543282],[-83.0966643053409,42.7415320168874],[-83.1020908283405,42.748607418892],[-83.1211933202996,42.7481608372345],[-83.1217212065696,42.7409304617445],[-83.1360571005336,42.740673712223],[-83.1357815616565,42.7333183698198],[-83.1509249192929,42.7315941839198],[-83.1510459997473,42.72349299938],[-83.1405849997333,42.7221339993242],[-83.1408036441368,42.7113781660945],[-83.1690917581021,42.7107347302803],[-83.2140272157148,42.7095387382407],[-83.209231617206,42.6210015165582],[-83.1258219459079,42.6231514918595],[-83.0914486469852,42.6242080683872],[-83.0921510601821,42.6387717750467],[-83.0954364225446,42.7124908543282]]]},"properties":{"OBJECTID":91,"District":"055","Name": "Mark Tisdel","Layout":"Portrait","Shape__Area":108998935.53453064,"Shape__Length":48476.38362494521,"MGFVersion":"V24"}},
{"type":"Feature","geometry":{"type":"Polygon","coordinates":[[[-83.4739704146975,42.5588260720167],[-83.4779888853545,42.5443544602553],[-83.5029979518989,42.5471586195977],[-83.5038610056814,42.5615600246522],[-83.5280035782242,42.5535909137015],[-83.5586280181315,42.5528385542982],[-83.5567792312765,42.5239099744113],[-83.6709073883875,42.5197369126299],[-83.6771108321944,42.6062471001974],[-83.7492842801666,42.6032309536287],[-83.7958777081213,42.6021183097563],[-83.7938174913339,42.5497919574304],[-83.8084836374657,42.5507031409851],[-83.8085961711193,42.5434764687412],[-83.7929682800425,42.5357883122853],[-83.7872482551848,42.4285887028156],[-83.743238664864,42.4284860455382],[-83.6647811772403,42.4311708168123],[-83.6676804531409,42.4745330007503],[-83.6637986378609,42.4817639572268],[-83.6388596928657,42.4808615693437],[-83.6375425808874,42.4755658906978],[-83.6381856323193,42.4864725826425],[-83.6185953802602,42.4872939106051],[-83.6142381674291,42.4909352127106],[-83.5107661757062,42.4945441394872],[-83.5112115686095,42.5020584563539],[-83.4968260004838,42.5092809986418],[-83.4573014691194,42.5106271496142],[-83.4673728615151,42.5175285331252],[-83.4663628935704,42.526355515745],[-83.4670189971604,42.5391596751753],[-83.4634392486033,42.5499810280507],[-83.4739704146975,42.5588260720167]]]},"properties":{"OBJECTID":92,"District":"049","Name": "Ann Bollin","Layout":"Landscape","Shape__Area":273775374.9210205,"Shape__Length":113574.93628447744,"MGFVersion":"V24"}},
{"type":"Feature","geometry":{"type":"Polygon","coordinates":[[[-82.8562990133776,42.6302280372921],[-82.916835737954,42.6284137596899],[-82.9166969113219,42.5964042303916],[-82.9526565965392,42.6052749370176],[-82.9524311469164,42.598340088634],[-82.9720515349428,42.5975108920015],[-82.972430788313,42.6100825463344],[-82.9915859621297,42.5996752832301],[-82.9929258755099,42.5789692470432],[-83.0011567415201,42.5722861860056],[-83.0004874125203,42.5539337733967],[-82.9843301002653,42.5500486120341],[-82.9835490247961,42.5380137264215],[-82.9696346183885,42.5384289874609],[-82.9702274817572,42.553062656457],[-82.9303215719282,42.5540165242239],[-82.9252470012631,42.5467140126254],[-82.903844918773,42.5478789601828],[-82.8836412272832,42.584975751486],[-82.8778518310801,42.5813381498525],[-82.8664856714492,42.5852442861654],[-82.857539362718,42.5946435274893],[-82.8565638306651,42.6085404527396],[-82.860375943064,42.6218854168764],[-82.8562990133776,42.6302280372921]]]},"properties":{"OBJECTID":93,"District":"061","Name": "Denise Mentzer","Layout":"Landscape","Shape__Area":69555197.47569275,"Shape__Length":61190.75820444743,"MGFVersion":"V24"}},
{"type":"Feature","geometry":{"type":"Polygon","coordinates":[[[-85.7821063682096,42.8562963534976],[-85.8363678619003,42.856359485341],[-85.8419657024168,42.8402503765241],[-85.8420621551226,42.8111439847937],[-85.9006184899356,42.8109570214183],[-85.9014219220321,42.7676671212489],[-85.9605136261156,42.7687341182739],[-86.0626402678803,42.7688130927063],[-86.0653423461495,42.7475080954595],[-86.0567482666526,42.7432598011466],[-86.0623261194697,42.7345122753129],[-86.0811758700985,42.7329849433749],[-86.1207228754256,42.7326139046643],[-86.1257252190418,42.7397080629079],[-86.1263361068031,42.7577950010335],[-86.136784858593,42.7577062356767],[-86.1350183986755,42.6815829348041],[-86.1328747027174,42.5771939629121],[-86.1295972991846,42.5065247160205],[-86.05350157279,42.506807546509],[-85.9160645931027,42.5061738782225],[-85.8612109105151,42.5064891021076],[-85.7793143375269,42.5079041592053],[-85.7009556269534,42.5079600059447],[-85.5431337886553,42.5088363688288],[-85.5431914924498,42.4214327678486],[-85.3681598131574,42.4197694923499],[-85.2988794735364,42.4198485181363],[-84.9539136146838,42.4221174264258],[-84.9543496184532,42.5095973744907],[-85.0738131142857,42.5091733055619],[-85.2590428387733,42.5077747964901],[-85.3083774194459,42.5079066145663],[-85.3080257235179,42.5955280519087],[-85.4267198175822,42.595223753712],[-85.4272578807055,42.6822763624648],[-85.5732358461276,42.681194124065],[-85.6623922301761,42.681147491702],[-85.663296085896,42.7680991869896],[-85.7824977737111,42.7682000884003],[-85.7821063682096,42.8562963534976]]]},"properties":{"OBJECTID":94,"District":"043","Name": "Rachelle Smit","Layout":"Landscape","Shape__Area":2108635677.0634232,"Shape__Length":305860.92255189095,"MGFVersion":"V24"}},
{"type":"Feature","geometry":{"type":"Polygon","coordinates":[[[-83.2024223057845,42.4883623054787],[-83.2031049862095,42.5029059187202],[-83.2225668762882,42.5024409897116],[-83.2655370151341,42.5014238570131],[-83.2613391787071,42.4870112418314],[-83.3578202677366,42.4847346489496],[-83.3584771957305,42.4960231134386],[-83.3900655836804,42.494386579436],[-83.3913779998385,42.4822689988231],[-83.3864975868438,42.4687148103449],[-83.3961718004864,42.4690692112553],[-83.395428943978,42.4545622823738],[-83.3854880557612,42.4508069463848],[-83.3947700034507,42.4400281876375],[-83.3853072200167,42.44027588479],[-83.2196335904539,42.44435015398],[-83.2005241692944,42.4448388969741],[-83.1961009669255,42.451725853666],[-83.2013913051026,42.4665863704847],[-83.2024223057845,42.4883623054787]]]},"properties":{"OBJECTID":95,"District":"018","Name": "Jason Hoskins","Layout":"Landscape","Shape__Area":86994203.78865051,"Shape__Length":53084.545982613716,"MGFVersion":"V24"}},
{"type":"Feature","geometry":{"type":"Polygon","coordinates":[[[-83.8866534542446,44.5089679278795],[-83.8871797292774,44.6097347990075],[-83.8882105576209,44.6825519099034],[-84.0000889997092,44.6812699992135],[-84.0496704070041,44.6816247824823],[-84.1474798571784,44.6812876211486],[-84.2372456120088,44.6817081047421],[-84.3716583304083,44.6810437082416],[-84.3720786433647,44.9046957866773],[-84.3713723545262,44.9600864422758],[-84.3679514579115,45.0698825130001],[-84.3667353165855,45.1466718493132],[-84.3666084745576,45.1987360016865],[-84.5706611530079,45.2000367930838],[-84.7343032711248,45.2019357209235],[-84.7347989479598,45.1149033954641],[-84.82654910319,45.1167669426688],[-84.8778903572346,45.1166288032326],[-84.9786945988091,45.1184367572715],[-84.9792888144333,45.0311638562038],[-84.9692188286117,45.030982186711],[-84.9690085106088,44.9452979052187],[-85.0303357426921,44.9459784276721],[-85.0914644695019,44.9455248315803],[-85.0913539608672,44.8586951791684],[-84.9688744881513,44.8589453620314],[-84.9694853219055,44.8008919896378],[-84.9720791827648,44.6841771488873],[-84.9720417565435,44.5972166712993],[-85.1548418622941,44.5974686541698],[-85.2067818892405,44.5967404186116],[-85.2400743462421,44.5976104523536],[-85.332890083591,44.5983741935508],[-85.3342817855962,44.4974497231841],[-85.3384037849899,44.4253756042608],[-85.3362319153041,44.299499796526],[-85.3358595809017,44.2266830856371],[-85.334661692226,44.1648384514451],[-85.2067235191806,44.1649188200842],[-85.1056897563668,44.1644998770016],[-84.8915944497869,44.1613923437086],[-84.7287551362643,44.1608594607167],[-84.6081037599332,44.1604817741517],[-84.3680385820011,44.1605384039468],[-84.3663241086565,44.175508413287],[-84.3679948158192,44.2038103338199],[-84.3695599653271,44.3340808027426],[-84.3706434297267,44.5072225820932],[-84.2899852864586,44.50706758225],[-84.0682413495104,44.5081093831893],[-83.9875179739711,44.5091355321624],[-83.8866534542446,44.5089679278795]]]},"properties":{"OBJECTID":96,"District":"105","Name": "Ken Borton","Layout":"Portrait","Shape__Area":7561304859.973587,"Shape__Length":482259.0310614925,"MGFVersion":"V24"}},
{"type":"Feature","geometry":{"type":"Polygon","coordinates":[[[-83.930635020303,43.17609717937],[-83.9320710009602,43.2203772944926],[-84.0508815986837,43.2196533449999],[-84.1694194989105,43.2154145775896],[-84.2872688385023,43.2151820546261],[-84.2853808217355,43.1289231723272],[-84.3678909200355,43.1284515159321],[-84.3672491633005,43.0306980409919],[-84.3657118888002,42.9551198244792],[-84.2807781952689,42.9560460980104],[-84.2721963745033,42.8094383747715],[-84.2724933235385,42.7760691706876],[-84.1581892528399,42.7766394085169],[-84.0007725806131,42.7791051987722],[-83.8839752423552,42.7816899606355],[-83.8054175124114,42.7811384372039],[-83.8088325947733,42.8693329377044],[-83.7487881371678,42.870364447427],[-83.749261712046,42.8850422672169],[-83.7448093674934,42.8997421582914],[-83.7695496276039,42.8994504007807],[-83.7706216604177,42.9287835995036],[-83.7344478059328,42.9292863298878],[-83.7320766729394,42.9513300488869],[-83.7466738979389,42.9457509061017],[-83.7510878229842,42.958575516131],[-83.768726625587,42.9582830933921],[-83.8198991477557,42.957567919347],[-83.8269619961268,42.9494122376312],[-83.8538378692005,42.9458573502692],[-83.8480184864793,42.9569421383845],[-83.9288373619924,42.9565477285524],[-83.9283216012906,43.0445114242743],[-83.9290787916582,43.1327815363425],[-83.930635020303,43.17609717937]]]},"properties":{"OBJECTID":97,"District":"071","Name": "Brian BeGole","Layout":"Landscape","Shape__Area":1768107899.0002594,"Shape__Length":211452.48676732008,"MGFVersion":"V24"}},
{"type":"Feature","geometry":{"type":"Polygon","coordinates":[[[-83.9349561050629,43.3627080087937],[-83.9495219995556,43.3668229992794],[-83.9568150004141,43.364686998751],[-83.9715929999422,43.3709539993747],[-83.9836056023829,43.3854977440618],[-83.9949043118512,43.3923339355564],[-84.0148865622182,43.393563577844],[-84.0469109776016,43.4085629982521],[-83.9950691265584,43.4079399762985],[-83.9951450164679,43.422304230135],[-84.0295450424009,43.4352275417609],[-84.0469272365747,43.4372438483957],[-84.0620219898879,43.4428540193713],[-84.0619308064352,43.4514592922581],[-84.0520894428097,43.4516704382745],[-84.0520636184952,43.4660801312388],[-83.9755250632505,43.4653989359329],[-83.9754888856013,43.4800488853933],[-84.1705764063139,43.4819690443944],[-84.2877085478604,43.4814095133778],[-84.3697769449647,43.4815732232633],[-84.3698757081178,43.4660443494209],[-84.4886835058699,43.4661675669791],[-84.4885357985713,43.2916767779749],[-84.5660212569996,43.2916399409644],[-84.5639965414167,43.2700510261485],[-84.5804401930675,43.2861379336388],[-84.5829478337135,43.2771769225848],[-84.6008179639544,43.2771876951698],[-84.6107207972503,43.2698894244048],[-84.6205620908441,43.2771297948084],[-84.6204395455489,43.2916813950323],[-84.7266568417654,43.2921283773904],[-84.7266633542171,43.379254690504],[-84.8450053046936,43.3791769041096],[-84.9648229083321,43.3792050833386],[-84.9650424565315,43.292575229545],[-84.954612094345,43.2925745073514],[-84.9557159684349,43.1196079223686],[-84.9562226321817,43.0325849580847],[-84.9561527332505,42.9436820334214],[-84.8376282165649,42.9437506899855],[-84.6018096528574,42.9432652931876],[-84.6015260942866,43.0313736534707],[-84.4560579315279,43.0306234733344],[-84.3672491633005,43.0306980409919],[-84.3678909200355,43.1284515159321],[-84.2853808217355,43.1289231723272],[-84.2872688385023,43.2151820546261],[-84.1694194989105,43.2154145775896],[-84.0508815986837,43.2196533449999],[-83.9320710009602,43.2203772944926],[-83.9331422129722,43.3053822349273],[-83.9349561050629,43.3627080087937]]]},"properties":{"OBJECTID":98,"District":"093","Name": "Tim Kelly","Layout":"Landscape","Shape__Area":3050827619.0403595,"Shape__Length":338193.12746856036,"MGFVersion":"V24"}},
{"type":"Feature","geometry":{"type":"Polygon","coordinates":[[[-83.2322835041219,43.1487071678942],[-83.2351587248007,43.237648831688],[-83.351709195045,43.2351934977739],[-83.3544175521052,43.3222566435612],[-83.4615976111145,43.3208214449075],[-83.4607326100131,43.2231308264706],[-83.5771170835446,43.2228030094966],[-83.6956209831225,43.2214220840378],[-83.6951017331688,43.1634063552378],[-83.69449109134,43.1266791810458],[-83.6874042052599,43.1268884288736],[-83.6873276632681,43.112212229911],[-83.6943721015266,43.1115166994759],[-83.6940505538778,43.0756671827408],[-83.6461684436292,43.076399600976],[-83.6509546084153,43.0696402701244],[-83.6507359729232,43.0569113239608],[-83.6227414657166,43.0620485741268],[-83.6214530041272,43.0512126351438],[-83.6356653373334,43.0474008815132],[-83.5961958119838,43.0479215086569],[-83.597112789836,43.0771339952059],[-83.5773890000863,43.077198998994],[-83.5765412540955,43.0482034837822],[-83.4590805628218,43.0500136087626],[-83.4555729341982,42.9279836750523],[-83.4533635073856,42.8804321469647],[-83.3052115413452,42.8833936154858],[-83.221913456968,42.8855430808932],[-83.2219153313421,42.9082749219381],[-83.2254627044113,42.9727138295806],[-83.2216113003612,42.9728242493724],[-83.2322835041219,43.1487071678942]]]},"properties":{"OBJECTID":99,"District":"067","Name": "Phil Green","Layout":"Portrait","Shape__Area":1171198449.6213226,"Shape__Length":190684.31213491963,"MGFVersion":"V24"}},
{"type":"Feature","geometry":{"type":"Polygon","coordinates":[[[-85.6223685865812,42.9607993203687],[-85.650082162109,42.9650748217624],[-85.6762729998144,42.9632649994008],[-85.6823173627259,42.9561257075098],[-85.6716520507917,42.956167038614],[-85.6790924046394,42.9385419949069],[-85.666653385876,42.9275570129544],[-85.6656418744607,42.905828870886],[-85.6771642650059,42.9059871035508],[-85.6779723586036,42.8987250589699],[-85.6455409323561,42.8983238348417],[-85.645688404295,42.8849821943246],[-85.6064063372247,42.8837269403305],[-85.6071182117341,42.8977292542331],[-85.6126439068424,42.9087538680856],[-85.5986002978333,42.9125936033378],[-85.5927232068181,42.9197214487772],[-85.583423663959,42.9125014928139],[-85.5686460748261,42.9125411497736],[-85.5695803721222,42.9269850378471],[-85.5795777275962,42.9269531010563],[-85.580301217808,42.9411880052486],[-85.5891186726597,42.9411112845765],[-85.5995166812944,42.930667373844],[-85.6169470378807,42.9325497422216],[-85.6200042852697,42.9410031612324],[-85.6297377411772,42.9482436917011],[-85.6223685865812,42.9607993203687]]]},"properties":{"OBJECTID":100,"District":"082","Name": "Kristian Grant","Layout":"Portrait","Shape__Area":43969636.12397766,"Shape__Length":51169.2937953255,"MGFVersion":"V24"}},
{"type":"Feature","geometry":{"type":"Polygon","coordinates":[[[-84.6031217245595,42.7084868888799],[-84.6027614902215,42.7698795971786],[-84.7197996746021,42.7702423686245],[-84.7248931269619,42.7481198586689],[-84.7396614727921,42.7477626717746],[-84.7396320556045,42.7408360180224],[-84.7544123819581,42.7412615608993],[-84.7756425614703,42.7554288813469],[-84.8370767899898,42.7556120322495],[-84.8371921534732,42.6830137872223],[-84.9561092988282,42.6830773354022],[-85.0755821558581,42.6835889787789],[-85.0750428875008,42.5962791852878],[-84.9557992504667,42.5971841410364],[-84.9543496184532,42.5095973744907],[-84.9539136146838,42.4221174264258],[-84.7184931876117,42.4215197885196],[-84.600402621745,42.4219841009085],[-84.6024789877748,42.5968194638659],[-84.6031217245595,42.7084868888799]]]},"properties":{"OBJECTID":101,"District":"076","Name": "Angela Witwer","Layout":"Landscape","Shape__Area":1099355381.848938,"Shape__Length":166988.44745649426,"MGFVersion":"V24"}},
{"type":"Feature","geometry":{"type":"Polygon","coordinates":[[[-82.9769081082302,42.7159049721443],[-82.9836467633091,42.8937414025674],[-83.0235732251888,42.8905426974088],[-83.1245991082246,42.8883326770255],[-83.221913456968,42.8855430808932],[-83.3052115413452,42.8833936154858],[-83.4533635073856,42.8804321469647],[-83.4498452250059,42.7925306259076],[-83.332974060562,42.7951273458769],[-83.2174395244442,42.7979218119589],[-83.2152254439769,42.7388804705394],[-83.1754515570183,42.7398515407116],[-83.1700099999452,42.7316899989741],[-83.1690917581021,42.7107347302803],[-83.1408036441368,42.7113781660945],[-83.1405849997333,42.7221339993242],[-83.1510459997473,42.72349299938],[-83.1509249192929,42.7315941839198],[-83.1357815616565,42.7333183698198],[-83.1360571005336,42.740673712223],[-83.1217212065696,42.7409304617445],[-83.1211933202996,42.7481608372345],[-83.1020908283405,42.748607418892],[-83.0966643053409,42.7415320168874],[-83.0954364225446,42.7124908543282],[-83.0159737776033,42.7141210936368],[-82.9769081082302,42.7159049721443]]]},"properties":{"OBJECTID":102,"District":"066","Name": "Josh Schriver","Layout":"Landscape","Shape__Area":540672630.2291718,"Shape__Length":127569.1073903908,"MGFVersion":"V24"}},
{"type":"Feature","geometry":{"type":"Polygon","coordinates":[[[-83.5051879537373,42.2633757755114],[-83.505245509223,42.2779380970427],[-83.4865224730004,42.2929235371616],[-83.4663770256799,42.2861100476085],[-83.4323769996372,42.286961998625],[-83.4277052419389,42.2945862413052],[-83.4300377688878,42.3524648732782],[-83.5400588715395,42.3496046144625],[-83.5475476391481,42.349217294462],[-83.5442025654987,42.2768944342326],[-83.5437280062729,42.2624623684225],[-83.5051879537373,42.2633757755114]]]},"properties":{"OBJECTID":103,"District":"024","Name": "Ranjeev Puri","Layout":"Portrait","Shape__Area":77278664.80407715,"Shape__Length":40761.46956407341,"MGFVersion":"V24"}},
{"type":"Feature","geometry":{"type":"Polygon","coordinates":[[[-84.8376282165649,42.9437506899855],[-84.9561527332505,42.9436820334214],[-84.9562226321817,43.0325849580847],[-84.9557159684349,43.1196079223686],[-85.0750331851826,43.1202128522938],[-85.0751450574008,43.0324123029892],[-85.1937143102328,43.0320925986719],[-85.3123931934651,43.0297302844007],[-85.3119330315168,42.9439882454587],[-85.4316325102055,42.9436371418927],[-85.4310210598631,42.9238621543839],[-85.4290316335706,42.8562936852657],[-85.4273710115176,42.769047569124],[-85.3096262536948,42.7698777807619],[-85.3095407385192,42.6964386666467],[-85.3080257235179,42.5955280519087],[-85.3083774194459,42.5079066145663],[-85.2590428387733,42.5077747964901],[-85.0738131142857,42.5091733055619],[-84.9543496184532,42.5095973744907],[-84.9557992504667,42.5971841410364],[-85.0750428875008,42.5962791852878],[-85.0755821558581,42.6835889787789],[-84.9561092988282,42.6830773354022],[-84.8371921534732,42.6830137872223],[-84.8370767899898,42.7556120322495],[-84.8376282165649,42.9437506899855]]]},"properties":{"OBJECTID":104,"District":"078","Name": "Gina Johnsen","Layout":"Portrait","Shape__Area":2152421266.234291,"Shape__Length":256698.99623136717,"MGFVersion":"V24"}},
{"type":"Feature","geometry":{"type":"Polygon","coordinates":[[[-86.1437785984368,43.2943509668095],[-86.1581388764782,43.2947035855986],[-86.1574707937557,43.3821451506782],[-86.1968197302784,43.3827523946217],[-86.1970830279162,43.3531259985801],[-86.251691475519,43.3541198677393],[-86.2564660334754,43.3686311930933],[-86.2765647769799,43.369254333506],[-86.2772768033125,43.2964165453028],[-86.384130111087,43.298549618007],[-86.3453584435721,43.2401921470651],[-86.3386110506402,43.2244611860806],[-86.3211000790493,43.2033909971701],[-86.3175797975988,43.2060815875507],[-86.2832052291871,43.2056189126035],[-86.2834833177391,43.1908258201497],[-86.2051969846152,43.1901819992843],[-86.2052000449059,43.2050134932225],[-86.1449135762626,43.2050054137915],[-86.1437785984368,43.2943509668095]]]},"properties":{"OBJECTID":105,"District":"087","Name": "Will Snyder","Layout":"Portrait","Shape__Area":256846902.3970337,"Shape__Length":88233.67476466193,"MGFVersion":"V24"}},
{"type":"Feature","geometry":{"type":"Polygon","coordinates":[[[-86.0633177466683,44.1678638982601],[-86.0624741904324,44.2569109089273],[-86.0614674780785,44.2857109937586],[-86.061918070994,44.3421492134152],[-86.1826846204555,44.3456120656611],[-86.2678987355537,44.3467118795055],[-86.2895084025018,44.3215417968208],[-86.3070330293817,44.298486836261],[-86.3239781065146,44.2680200952695],[-86.3421020792757,44.2514464443347],[-86.3623029661171,44.2088056983266],[-86.3860708656204,44.1835531740689],[-86.3998796064913,44.1574459858356],[-86.4149579153299,44.1364378848084],[-86.430129020255,44.1194036142897],[-86.4449696014372,44.1072358802398],[-86.4957416383638,44.07875779752],[-86.5071854252516,44.0698248822752],[-86.5147034547798,44.0580203385288],[-86.5148619091054,44.0477907302501],[-86.5026585569072,44.0231581055381],[-86.4794349546518,43.9958292116908],[-86.4629615525156,43.9707023160305],[-86.4605913519343,43.9490955929847],[-86.4515531979276,43.9335054164091],[-86.4475764454959,43.9175437737944],[-86.4469909869298,43.8924135768752],[-86.4320332343004,43.846674174442],[-86.4311070820558,43.8152047640841],[-86.437120247408,43.789722497969],[-86.4463014820264,43.7692475486923],[-86.4556461834723,43.7541340888372],[-86.4795161344704,43.7274987070478],[-86.5041295335085,43.7045870604137],[-86.5284612240005,43.6786127195291],[-86.5386232515557,43.6588239623071],[-86.541134131326,43.6379302070599],[-86.5370938596754,43.6124259408837],[-86.5303453642285,43.5947761568742],[-86.5076683288619,43.5570514855401],[-86.4960509197156,43.5420801719081],[-86.4798287886765,43.5163722414467],[-86.4643132927607,43.4826051497098],[-86.4476362826274,43.4282661219394],[-86.435958715019,43.3981993832808],[-86.4022506423147,43.3279243010591],[-86.384130111087,43.298549618007],[-86.2772768033125,43.2964165453028],[-86.2765647769799,43.369254333506],[-86.2564660334754,43.3686311930933],[-86.251691475519,43.3541198677393],[-86.1970830279162,43.3531259985801],[-86.1968197302784,43.3827523946217],[-86.1574707937557,43.3821451506782],[-86.1581388764782,43.2947035855986],[-86.1437785984368,43.2943509668095],[-86.0389530620335,43.2935187666776],[-86.0397804862407,43.5541816332305],[-86.0392173731712,43.6412091347162],[-86.1580477424208,43.6421691415435],[-86.1576909488006,43.6873936614374],[-86.158274361393,43.8030315981507],[-86.1595470018218,43.8372819987135],[-86.1579951948152,43.8749515439117],[-86.1603165444197,43.9899423376594],[-86.1594439327456,44.1398562511293],[-86.1598996110763,44.1707648808652],[-86.0633177466683,44.1678638982601]]]},"properties":{"OBJECTID":106,"District":"102","Name": "Curtis VanderWall","Layout":"Portrait","Shape__Area":3114069259.4239197,"Shape__Length":332557.59133321786,"MGFVersion":"V24"}},
{"type":"Feature","geometry":{"type":"Polygon","coordinates":[[[-85.4316325102055,42.9436371418927],[-85.431082579,43.0288225451707],[-85.5457337605248,43.0281881405595],[-85.5485874494077,43.0438393735699],[-85.5801450002111,43.0636109990277],[-85.592734999794,43.056831998871],[-85.6153879996522,43.0628609991009],[-85.6299819997558,43.0623669991566],[-85.6540055998434,43.0724186222986],[-85.6700316485852,43.0727706395414],[-85.6698755531309,43.0290591583851],[-85.6650306208518,43.0182843379987],[-85.6723540638249,43.0140811108628],[-85.6728995151913,42.9992161763797],[-85.6565638360564,42.9990363255317],[-85.6673927641486,42.9845376784935],[-85.6570794310291,42.9809119767136],[-85.6594178596673,42.9717925450191],[-85.650082162109,42.9650748217624],[-85.6223685865812,42.9607993203687],[-85.5852949631029,42.9627564909627],[-85.5671649985758,42.960953360426],[-85.5503591782713,42.9632950110399],[-85.5507359396357,42.9410291152456],[-85.4614340193506,42.9431698573751],[-85.4465490014226,42.9315324591996],[-85.4310210598631,42.9238621543839],[-85.4316325102055,42.9436371418927]]]},"properties":{"OBJECTID":107,"District":"081","Name": "Stephen Wooden","Layout":"Landscape","Shape__Area":199646276.64067078,"Shape__Length":77668.13944435772,"MGFVersion":"V24"}},
{"type":"Feature","geometry":{"type":"Polygon","coordinates":[[[-86.2051969846152,43.1901819992843],[-86.2834833177391,43.1908258201497],[-86.2832052291871,43.2056189126035],[-86.3175797975988,43.2060815875507],[-86.3211000790493,43.2033909971701],[-86.2925610680755,43.1567887151147],[-86.26021537575,43.0950665581826],[-86.2522976921355,43.0754527490697],[-86.2512635580607,43.0590621410794],[-86.2445253306789,43.0500138555619],[-86.2337559575804,43.0194556656533],[-86.2261247049424,42.9879975177038],[-86.2203060256791,42.9556710595508],[-86.2153381662305,42.9105145529069],[-86.2165607703472,42.9024439320755],[-86.2106673391311,42.8554738351133],[-86.0989067820713,42.8562255786591],[-86.0495910002167,42.8560458004319],[-86.0203190988171,42.8560742677678],[-86.0230739942895,42.9471921744293],[-86.0268651876137,43.0326581087158],[-86.0270267781174,43.1182716734458],[-86.1461657656552,43.1173951847194],[-86.2052570333275,43.1177626630849],[-86.206015501138,43.1323214164551],[-86.2051969846152,43.1901819992843]]]},"properties":{"OBJECTID":108,"District":"088","Name": "Greg VanWoerkom","Layout":"Portrait","Shape__Area":552801798.9802933,"Shape__Length":123990.75243608483,"MGFVersion":"V24"}},
{"type":"Feature","geometry":{"type":"Polygon","coordinates":[[[-83.1554698267417,42.4741330091657],[-83.1825910086767,42.474214194266],[-83.1833577175953,42.488715062984],[-83.2024223057845,42.4883623054787],[-83.2013913051026,42.4665863704847],[-83.1961009669255,42.451725853666],[-83.2005241692944,42.4448388969741],[-83.2196335904539,42.44435015398],[-83.2192327303182,42.4300204880289],[-83.2187122906651,42.4155534737191],[-83.1993163079451,42.4159834745862],[-83.1990168821981,42.4087525990294],[-83.1848455789278,42.4091953407248],[-83.1851751582572,42.4165247241782],[-83.1408360473307,42.4171480134169],[-83.1420605259663,42.446229062637],[-83.1519823482471,42.4460068146364],[-83.1554698267417,42.4741330091657]]]},"properties":{"OBJECTID":109,"District":"005","Name": "Regina Weiss","Layout":"Portrait","Shape__Area":35576558.165634155,"Shape__Length":32316.03661899755,"MGFVersion":"V24"}},
{"type":"Feature","geometry":{"type":"MultiPolygon","coordinates":[[[[-83.2151568301316,41.9883755183713],[-83.1957086989494,41.9966881996473],[-83.1983801920424,42.0011095456794],[-83.2167808799222,41.9926295370472],[-83.2151568301316,41.9883755183713]]],[[[-83.1967489897401,42.0824070876822],[-83.2252469183167,42.0862541916713],[-83.2250376004044,42.09922770769],[-83.2155138207061,42.1119146225664],[-83.2181216766813,42.1843995424127],[-83.2281229867473,42.1842785925141],[-83.2289050340983,42.2058690401134],[-83.2289077895097,42.205925183837],[-83.2291966785911,42.2130779226187],[-83.2975618195561,42.2110720207174],[-83.2957849939915,42.1819399464851],[-83.3060219139258,42.1812820384077],[-83.3021273984425,42.0223370166636],[-83.311674802996,42.0150183116446],[-83.3406126240327,42.0145677140117],[-83.3404234820579,42.0075303889758],[-83.3540928560729,42.0074090053287],[-83.3722969338914,41.9808031512408],[-83.3829677600894,41.9683998947562],[-83.3743253812891,41.9639703984495],[-83.3505379568362,41.9642959081288],[-83.3623604912599,41.9497431242897],[-83.3389966429275,41.9500454134085],[-83.3401420960459,41.9322311612425],[-83.3248022578518,41.9391232071038],[-83.3181428106894,41.9342630442946],[-83.3015229963014,41.9437350582663],[-83.2861083567414,41.9446969379106],[-83.2628349130784,41.9391810015571],[-83.2531801069712,41.945610983185],[-83.2581728788647,41.952523518051],[-83.2521061630025,41.9714949714809],[-83.2266709100908,41.9880548009331],[-83.2117564569562,42.0010801511903],[-83.2143803399099,42.0120040975264],[-83.2056679260352,42.0225214430046],[-83.19345622118,42.0264294648885],[-83.2063193809176,42.0385321997451],[-83.1919193850447,42.0406595258046],[-83.1860240982734,42.0519323918264],[-83.1951057193796,42.0663550444421],[-83.1967489897401,42.0824070876822]]]]},"properties":{"OBJECTID":110,"District":"028","Name": "Jamie Thompson","Layout":"Portrait","Shape__Area":249612450.56897736,"Shape__Length":133488.02561843328,"MGFVersion":"V24"}}
]}